Market_Series,Station,Variable,Feature_Desc,Lag_Days,Pearson_r,Pearson_p,Spearman_rho,Spearman_p,Diff_Pearson_r,Diff_p,N,FDR_q_pearson,FDR_q_spearman
Dambulla-Retail,Anuradhapura,Rainfall,Raw Cumulative Rain,1,0.0485,0.0222955536842929,0.0662,0.00180006361855237,0.0967,4.872005487486255e-06,2224,0.0268385348425344,0.002003549071084377
Dambulla-Retail,Anuradhapura,Temperature,Raw Moving Avg Temp,1,-0.1492,1.5045322285756123e-12,-0.2044,2.1092889432213814e-22,-0.0361,0.08838628621610321,2224,5.0678980330968e-12,7.863756836864179e-22
Dambulla-Retail,Anuradhapura,Rainfall_Z,Seasonal Rain Anomaly Z,1,0.0298,0.1601339231026459,0.082,0.00010735343573913877,0.0659,0.0018710300672145277,2224,0.1803267638457948,0.00012645312676021255
Dambulla-Retail,Anuradhapura,Temperature_Z,Seasonal Temp Anomaly Z,1,-0.068,0.001335362485853078,-0.1383,5.818993286797383e-11,-0.0575,0.006656023655815077,2224,0.0018183659381829146,1.0082655215188842e-10
Dambulla-Retail,Anuradhapura,Rainfall,Raw Cumulative Rain,3,0.0888,2.782952583167351e-05,0.128,1.4214802237658869e-09,0.0188,0.375366207736386,2222,4.379728655476486e-05,2.2099125745995973e-09
Dambulla-Retail,Anuradhapura,Temperature,Raw Moving Avg Temp,3,-0.1736,1.7157077782402225e-16,-0.2231,1.861070899293748e-26,-0.0218,0.30423150739097393,2222,7.402604346564556e-16,8.822854633688879e-26
Dambulla-Retail,Anuradhapura,Rainfall_Z,Seasonal Rain Anomaly Z,3,0.073,0.0005754073256192201,0.1393,4.30598006455253e-11,0.0216,0.3081259570164545,2222,0.0008034778655919291,7.550211620037312e-11
Dambulla-Retail,Anuradhapura,Temperature_Z,Seasonal Temp Anomaly Z,3,-0.1142,6.757887967103915e-08,-0.183,3.4675140722393334e-18,-0.0377,0.07554662725440213,2222,1.3803345634935656e-07,9.648734809709449e-18
Dambulla-Retail,Anuradhapura,Rainfall,Raw Cumulative Rain,7,0.1249,3.5862847576556836e-09,0.1897,2.0272512844934653e-19,0.0633,0.0028670500482487343,2218,9.060087808814358e-09,6.487204110379089e-19
Dambulla-Retail,Anuradhapura,Temperature,Raw Moving Avg Temp,7,-0.1649,5.5542110664202e-15,-0.2101,1.482370684478508e-23,0.0065,0.760423742879325,2218,2.22168442656808e-14,5.991898345681548e-23
Dambulla-Retail,Anuradhapura,Rainfall_Z,Seasonal Rain Anomaly Z,7,0.0826,9.817406843693948e-05,0.1731,2.230286655238611e-16,0.0375,0.07749564974033768,2218,0.00014555537559762455,5.5253553265266245e-16
Dambulla-Retail,Anuradhapura,Temperature_Z,Seasonal Temp Anomaly Z,7,-0.0925,1.2700890396558525e-05,-0.1615,2.0107167784217696e-14,0.0126,0.5542812073594228,2218,2.0492192908733085e-05,4.541854370082115e-14
Dambulla-Retail,Anuradhapura,Rainfall,Raw Cumulative Rain,14,0.3111,8.098148045561233e-51,0.3107,1.063065618020192e-50,0.0225,0.2910409986130953,2211,1.1517366109242642e-49,1.1032897224858208e-49
Dambulla-Retail,Anuradhapura,Temperature,Raw Moving Avg Temp,14,-0.1716,4.509416476123088e-16,-0.1865,9.572849243549995e-19,0.0071,0.7392152695519248,2211,1.9240176964791845e-15,2.8495923329637193e-18
Dambulla-Retail,Anuradhapura,Rainfall_Z,Seasonal Rain Anomaly Z,14,0.1971,8.425043791065435e-21,0.247,4.231276087088217e-32,0.0168,0.43029622106125615,2211,4.095211159201427e-20,2.2884648132984164e-31
Dambulla-Retail,Anuradhapura,Temperature_Z,Seasonal Temp Anomaly Z,14,-0.138,7.149625797596486e-11,-0.18,1.4565398385489977e-17,-0.0082,0.7012785011608604,2211,2.111889466366962e-10,3.8841062361306604e-17
Dambulla-Retail,Anuradhapura,Rainfall,Raw Cumulative Rain,21,0.3959,1.3728581693349623e-83,0.4299,7.65760989593003e-100,0.0011,0.958254523918937,2204,2.6358876851231274e-81,4.200746000053045e-98
Dambulla-Retail,Anuradhapura,Temperature,Raw Moving Avg Temp,21,-0.1356,1.6439703947083777e-10,-0.1431,1.4738638421109696e-11,0.0235,0.270180119704784,2204,4.711079340059828e-10,2.657106644932452e-11
Dambulla-Retail,Anuradhapura,Rainfall_Z,Seasonal Rain Anomaly Z,21,0.3269,4.723105744604648e-56,0.3801,1.1368636919962375e-76,0.0203,0.3416518392300944,2204,8.636536218705643e-55,2.0788364653645487e-75
Dambulla-Retail,Anuradhapura,Temperature_Z,Seasonal Temp Anomaly Z,21,-0.1228,7.357857490868493e-09,-0.1647,7.140189742052541e-15,0.0208,0.3291545470536412,2204,1.7769919977946548e-08,1.6718493054562044e-14
Dambulla-Retail,Anuradhapura,Rainfall,Raw Cumulative Rain,30,0.3409,7.233639670219442e-61,0.431,5.516179124212265e-100,-0.0533,0.012425577518839052,2195,2.3147646944702215e-59,3.530354639495849e-98
Dambulla-Retail,Anuradhapura,Temperature,Raw Moving Avg Temp,30,-0.0975,4.708979770442905e-06,-0.0776,0.00027190754156362733,0.0129,0.5464755000914919,2195,7.965851241630289e-06,0.00031261226335458953
Dambulla-Retail,Anuradhapura,Rainfall_Z,Seasonal Rain Anomaly Z,30,0.3217,5.175865326244297e-54,0.4191,4.084664030386544e-94,-0.0438,0.04013204026150013,2195,8.641444718599174e-53,1.7427899862982586e-92
Dambulla-Retail,Anuradhapura,Temperature_Z,Seasonal Temp Anomaly Z,30,-0.1155,5.7393033177048114e-08,-0.1349,2.235605899162672e-10,0.0118,0.5818875037309148,2195,1.1806538835650244e-07,3.7003132124071813e-10
Dambulla-Retail,Badulla,Rainfall,Raw Cumulative Rain,1,0.0606,0.0042778574574866175,0.1009,1.8831584344780442e-06,0.0948,7.596729363888138e-06,2224,0.005493970781521275,2.39447959880652e-06
Dambulla-Retail,Badulla,Temperature,Raw Moving Avg Temp,1,-0.1104,1.7766635262554876e-07,-0.1525,4.880413710377945e-13,-0.019,0.36950775638064687,2224,3.516694814856223e-07,9.915761189339316e-13
Dambulla-Retail,Badulla,Rainfall_Z,Seasonal Rain Anomaly Z,1,0.0159,0.4543702546028583,0.0752,0.00038400268456902624,0.0712,0.0007839864519952204,2224,0.48065613710054433,0.00043886021093602994
Dambulla-Retail,Badulla,Temperature_Z,Seasonal Temp Anomaly Z,1,-0.0124,0.5578442729923713,-0.0979,3.708418347351791e-06,-0.0261,0.21864527176327514,2224,0.5789518941326232,4.593653694784154e-06
Dambulla-Retail,Badulla,Rainfall,Raw Cumulative Rain,3,0.083,9.018449404216266e-05,0.1578,7.27999747107818e-14,0.0059,0.7801063529648823,2222,0.000135276741063244,1.553066127163345e-13
Dambulla-Retail,Badulla,Temperature,Raw Moving Avg Temp,3,-0.1271,1.804837719984519e-09,-0.1622,1.468255231519252e-14,-0.0134,0.5269391350235357,2222,4.846557234084303e-09,3.3560119577582903e-14
Dambulla-Retail,Badulla,Rainfall_Z,Seasonal Rain Anomaly Z,3,0.0294,0.16528898463763836,0.1165,3.678067784687217e-08,0.0082,0.698002305464887,2222,0.18530059123279455,5.080496508344933e-08
Dambulla-Retail,Badulla,Temperature_Z,Seasonal Temp Anomaly Z,3,-0.0426,0.04461274386415679,-0.1213,9.756423688726983e-09,-0.0208,0.32808084741338867,2222,0.05222955379218356,1.4245120518901755e-08
Dambulla-Retail,Badulla,Rainfall,Raw Cumulative Rain,7,0.1116,1.3788897111485055e-07,0.2032,4.1592150700043706e-22,0.0366,0.08451898215914241,2218,2.772218058015843e-07,1.5210843684587413e-21
Dambulla-Retail,Badulla,Temperature,Raw Moving Avg Temp,7,-0.1237,5.1124598249559695e-09,-0.138,6.691103538501044e-11,0.0064,0.7626632695815393,2218,1.274795177131878e-08,1.1470463208858934e-10
Dambulla-Retail,Badulla,Rainfall_Z,Seasonal Rain Anomaly Z,7,0.04,0.05970848117377581,0.1329,3.3365533300022683e-10,0.0344,0.1057740145714521,2218,0.06969014216027328,5.452070122216472e-10
Dambulla-Retail,Badulla,Temperature_Z,Seasonal Temp Anomaly Z,7,-0.0127,0.5502841781367319,-0.0707,0.0008611683583413213,0.0241,0.2559393505383721,2218,0.5726534536707454,0.0009697614357861214
Dambulla-Retail,Badulla,Rainfall,Raw Cumulative Rain,14,0.2383,6.574512018783718e-30,0.2509,4.398931551002305e-33,0.0095,0.6547712924076126,2211,4.0719558309886254e-29,2.5211786799774404e-32
Dambulla-Retail,Badulla,Temperature,Raw Moving Avg Temp,14,-0.1272,1.970681151954334e-09,-0.1135,8.763116839295424e-08,-0.0011,0.9598132850014274,2211,5.218907326554926e-09,1.1765863168844205e-07
Dambulla-Retail,Badulla,Rainfall_Z,Seasonal Rain Anomaly Z,14,0.1188,2.12559903615214e-08,0.1738,1.8689315621015884e-16,0.0062,0.7701301620726642,2211,4.7732750285521745e-08,4.660192986019545e-16
Dambulla-Retail,Badulla,Temperature_Z,Seasonal Temp Anomaly Z,14,-0.0145,0.4968224938351719,-0.0637,0.0027349727513016025,-0.014,0.5106753465433552,2211,0.5241204330568846,0.003009253686245889
Dambulla-Retail,Badulla,Rainfall,Raw Cumulative Rain,21,0.3064,3.9089301730539164e-49,0.3001,4.2808115758705005e-47,0.0028,0.8949852288289328,2204,5.003430621509013e-48,3.62874433642544e-46
Dambulla-Retail,Badulla,Temperature,Raw Moving Avg Temp,21,-0.1264,2.642241387615524e-09,-0.0927,1.307838793817175e-05,0.008,0.7085329073775175,2204,6.85554522192136e-09,1.5892724583094784e-05
Dambulla-Retail,Badulla,Rainfall_Z,Seasonal Rain Anomaly Z,21,0.2041,3.760967781514923e-22,0.263,3.406338282319319e-36,0.0052,0.8090100952208762,2204,1.9002784580285926e-21,2.144317869525604e-35
Dambulla-Retail,Badulla,Temperature_Z,Seasonal Temp Anomaly Z,21,-0.0134,0.5309634383555834,-0.0609,0.004262684545317814,0.0126,0.5558418849930186,2204,0.5570763943402842,0.004650201322164888
Dambulla-Retail,Badulla,Rainfall,Raw Cumulative Rain,30,0.2685,1.4326953152273212e-37,0.2953,1.9879402001491265e-45,-0.0484,0.02331276314054795,2195,1.0787352961711595e-36,1.526738073714529e-44
Dambulla-Retail,Badulla,Temperature,Raw Moving Avg Temp,30,-0.1092,2.9006180821876896e-07,-0.0552,0.009655882638108423,0.0089,0.6762913506720506,2195,5.569186717800364e-07,0.010299608147315651
Dambulla-Retail,Badulla,Rainfall_Z,Seasonal Rain Anomaly Z,30,0.2196,2.246477763188133e-25,0.3237,1.0299476108066236e-54,-0.026,0.22351812224424122,2195,1.2149964240341452e-24,1.2359371329679483e-53
Dambulla-Retail,Badulla,Temperature_Z,Seasonal Temp Anomaly Z,30,-0.0102,0.6334471489393552,-0.0552,0.009706756520715802,0.0029,0.8933424082083151,2195,0.6486498805138997,0.010325192531730937
Dambulla-Retail,Dambulla,Rainfall,Raw Cumulative Rain,1,0.0492,0.020386922664123945,0.0616,0.003639622928631154,0.0854,5.505787897467809e-05,2224,0.02469583060890724,0.003981809699699041
Dambulla-Retail,Dambulla,Temperature,Raw Moving Avg Temp,1,-0.1547,2.174277038459472e-13,-0.2066,7.1017250124115e-23,-0.0309,0.1449955077113834,2224,8.106042551149877e-13,2.7546084896626427e-22
Dambulla-Retail,Dambulla,Rainfall_Z,Seasonal Rain Anomaly Z,1,0.0256,0.22709174307065633,0.0495,0.01952872190132103,0.0652,0.002087188508702904,2224,0.25058399235382767,0.020489150847287637
Dambulla-Retail,Dambulla,Temperature_Z,Seasonal Temp Anomaly Z,1,-0.066,0.0018376995759856946,-0.1284,1.2158124781224653e-09,-0.0533,0.01188262826868757,2224,0.002441787671897947,1.9055999657103127e-09
Dambulla-Retail,Dambulla,Rainfall,Raw Cumulative Rain,3,0.0943,8.578035043167927e-06,0.1226,6.679921448111869e-09,0.0138,0.5163941443146128,2222,1.4239776457891156e-05,9.790419221660143e-09
Dambulla-Retail,Dambulla,Temperature,Raw Moving Avg Temp,3,-0.1784,2.4062048725422574e-17,-0.2249,7.036522429705091e-27,-0.0161,0.44848591508424296,2222,1.0743984547165428e-16,3.420284320261715e-26
Dambulla-Retail,Dambulla,Rainfall_Z,Seasonal Rain Anomaly Z,3,0.0723,0.0006480755300079787,0.1183,2.245052581441483e-08,0.0175,0.4092639195826004,2222,0.0008984151751735156,3.1578761585110965e-08
Dambulla-Retail,Dambulla,Temperature_Z,Seasonal Temp Anomaly Z,3,-0.11,1.9913170093748305e-07,-0.1693,9.30892264424505e-16,-0.032,0.13188670613910794,2222,3.9013557734690554e-07,2.262421705943101e-15
Dambulla-Retail,Dambulla,Rainfall,Raw Cumulative Rain,7,0.1114,1.427394686065638e-07,0.1895,2.247605755101589e-19,0.0428,0.04403619827468873,2218,2.854789372131276e-07,7.132897602967027e-19
Dambulla-Retail,Dambulla,Temperature,Raw Moving Avg Temp,7,-0.1519,6.349100125584829e-13,-0.2003,1.6469306437923954e-21,0.0214,0.31337496585595326,2218,2.2367472002060315e-12,5.8020308918924754e-21
Dambulla-Retail,Dambulla,Rainfall_Z,Seasonal Rain Anomaly Z,7,0.052,0.01429315891928801,0.1423,1.689484000695868e-11,0.0088,0.6788076838244089,2218,0.017591580208354475,3.017497005894016e-11
Dambulla-Retail,Dambulla,Temperature_Z,Seasonal Temp Anomaly Z,7,-0.0667,0.0016822692660102328,-0.1376,7.63009464988829e-11,0.0304,0.15234283423563635,2218,0.0022430256880136435,1.3022028202476014e-10
Dambulla-Retail,Dambulla,Rainfall,Raw Cumulative Rain,14,0.2882,1.4513321752679107e-43,0.2958,6.7707108419587095e-46,0.024,0.25859863450746595,2211,1.4666093560602045e-42,5.4165686735669676e-45
Dambulla-Retail,Dambulla,Temperature,Raw Moving Avg Temp,14,-0.1427,1.5588269784107706e-11,-0.1598,4.0417085443059796e-14,0.0128,0.5466166636495335,2211,5.030164367308705e-11,8.919632649502853e-14
Dambulla-Retail,Dambulla,Rainfall_Z,Seasonal Rain Anomaly Z,14,0.1614,2.230660601683651e-14,0.2007,1.625190821884217e-21,0.0179,0.40006450145556643,2211,8.652259303500221e-14,5.7784562555883274e-21
Dambulla-Retail,Dambulla,Temperature_Z,Seasonal Temp Anomaly Z,14,-0.104,9.622512051671664e-07,-0.1449,7.68663424244527e-12,-0.0063,0.765445497418646,2211,1.7429455791707167e-06,1.4055559757614206e-11
Dambulla-Retail,Dambulla,Rainfall,Raw Cumulative Rain,21,0.3746,2.3424810370684245e-74,0.4014,4.322892404056204e-86,0.0015,0.9435148278984306,2204,2.2487817955856875e-72,1.6599906831575823e-84
Dambulla-Retail,Dambulla,Temperature,Raw Moving Avg Temp,21,-0.0947,8.45082549134111e-06,-0.1091,2.8666029631192853e-07,0.0263,0.21675042855981422,2204,1.4109204298586894e-05,3.7441344824415157e-07
Dambulla-Retail,Dambulla,Rainfall_Z,Seasonal Rain Anomaly Z,21,0.2735,4.100282018031757e-39,0.3296,5.332188879519688e-57,0.0131,0.5386919730623982,2204,3.280225614425406e-38,7.060553550812275e-56
Dambulla-Retail,Dambulla,Temperature_Z,Seasonal Temp Anomaly Z,21,-0.0788,0.00021407745216989692,-0.1283,1.5075116783048426e-09,0.0202,0.3422684230676113,2204,0.00030904414147834745,2.3342116309236274e-09
Dambulla-Retail,Dambulla,Rainfall,Raw Cumulative Rain,30,0.3326,7.733371949763722e-58,0.3827,1.689266779500617e-77,-0.0531,0.012767421572832073,2195,1.746832252181923e-56,3.603769129601316e-76
Dambulla-Retail,Dambulla,Temperature,Raw Moving Avg Temp,30,-0.0599,0.005024627310693457,-0.052,0.014813786524152496,0.0089,0.6765131382859169,2195,0.006410155771781686,0.015584915137738518
Dambulla-Retail,Dambulla,Rainfall_Z,Seasonal Rain Anomaly Z,30,0.2756,1.4453235564059356e-39,0.3492,5.5409147052972505e-64,-0.045,0.03520636625555212,2195,1.1808600971486792e-38,8.183504795515939e-63
Dambulla-Retail,Dambulla,Temperature_Z,Seasonal Temp Anomaly Z,30,-0.0794,0.00019518590161012465,-0.113,1.095664899612673e-07,0.0049,0.8189275699323884,2195,0.00028498625938512496,1.4659767297953535e-07
Dambulla-Retail,Nuwara Eliya,Rainfall,Raw Cumulative Rain,1,0.0583,0.005952538529602317,0.0384,0.06998235680523553,0.0961,5.67356279177387e-06,2224,0.007568790713136721,0.07147134312024055
Dambulla-Retail,Nuwara Eliya,Temperature,Raw Moving Avg Temp,1,-0.1216,8.698896728970164e-09,-0.197,6.7581979716948936e-21,0.0135,0.5260470870737785,2224,2.0747679154810824e-08,2.300142481992603e-20
Dambulla-Retail,Nuwara Eliya,Rainfall_Z,Seasonal Rain Anomaly Z,1,0.0559,0.008313603562714506,0.0564,0.007806924335162245,0.0726,0.0006095977061924409,2224,0.010466963174040559,0.008397363990762751
Dambulla-Retail,Nuwara Eliya,Temperature_Z,Seasonal Temp Anomaly Z,1,-0.0999,2.372746126094079e-06,-0.1474,2.874802468495151e-12,-0.0006,0.9792007981009316,2224,4.141520511000575e-06,5.4380499896657045e-12
Dambulla-Retail,Nuwara Eliya,Rainfall,Raw Cumulative Rain,3,0.0726,0.0006145940472978291,0.1067,4.6231490997048613e-07,0.0007,0.9722748625504918,2222,0.0008550873701535013,5.977404896588104e-07
Dambulla-Retail,Nuwara Eliya,Temperature,Raw Moving Avg Temp,3,-0.1172,2.974651317726996e-08,-0.1879,4.278180023020825e-19,0.0079,0.7101023914704864,2222,6.453480824899246e-08,1.3356269340162576e-18
Dambulla-Retail,Nuwara Eliya,Rainfall_Z,Seasonal Rain Anomaly Z,3,0.0656,0.0019852696648926093,0.1047,7.656141128507863e-07,-0.0084,0.6939006243310436,2222,0.002619737289755196,9.832636098150566e-07
Dambulla-Retail,Nuwara Eliya,Temperature_Z,Seasonal Temp Anomaly Z,3,-0.1097,2.2003755534429698e-07,-0.1476,2.6765359333612288e-12,-0.0084,0.691640293809999,2222,4.2890569163558396e-07,5.136158166212981e-12
Dambulla-Retail,Nuwara Eliya,Rainfall,Raw Cumulative Rain,7,0.0935,1.033377924086802e-05,0.1539,3.1860726638362997e-13,0.0461,0.030058720340628207,2218,1.6957996702962904e-05,6.542523544990049e-13
Dambulla-Retail,Nuwara Eliya,Temperature,Raw Moving Avg Temp,7,-0.0876,3.590759482516156e-05,-0.1491,1.6928092210669261e-12,0.0514,0.015387163499580195,2218,5.5598856503475964e-05,3.283023943887372e-12
Dambulla-Retail,Nuwara Eliya,Rainfall_Z,Seasonal Rain Anomaly Z,7,0.0574,0.0068942803329302485,0.1137,7.813143324581542e-08,0.0151,0.47842487477836987,2218,0.008708564631069787,1.0564250129011662e-07
Dambulla-Retail,Nuwara Eliya,Temperature_Z,Seasonal Temp Anomaly Z,7,-0.0928,1.1948119893134849e-05,-0.1245,3.99730116718173e-09,0.0521,0.014198242426047714,2218,1.935897906735773e-05,5.995951750772595e-09
Dambulla-Retail,Nuwara Eliya,Rainfall,Raw Cumulative Rain,14,0.2521,2.189885101778566e-33,0.2148,1.7562455433788268e-24,0.0241,0.2564978354697234,2211,1.475291015935034e-32,7.663616916562153e-24
Dambulla-Retail,Nuwara Eliya,Temperature,Raw Moving Avg Temp,14,-0.0495,0.019913935550618257,-0.0849,6.37708168765795e-05,0.0094,0.6573946897055409,2211,0.024199212821004464,7.604966981554823e-05
Dambulla-Retail,Nuwara Eliya,Rainfall_Z,Seasonal Rain Anomaly Z,14,0.1431,1.3635174672905911e-11,0.1332,3.221751853953109e-10,0.0197,0.3534007517386719,2211,4.4372093850812456e-11,5.286977401358948e-10
Dambulla-Retail,Nuwara Eliya,Temperature_Z,Seasonal Temp Anomaly Z,14,-0.1154,5.33721737481082e-08,-0.1298,8.982473113613582e-10,-0.0151,0.4764900214637203,2211,1.1078332280688405e-07,1.4253180477800065e-09
Dambulla-Retail,Nuwara Eliya,Rainfall,Raw Cumulative Rain,21,0.3253,1.6819763784643188e-55,0.3099,2.797409168050141e-50,0.0021,0.9201742609374143,2204,2.93581331513772e-54,2.7543721039262927e-49
Dambulla-Retail,Nuwara Eliya,Temperature,Raw Moving Avg Temp,21,-0.0039,0.8562554823495594,-0.0235,0.2699107759421992,0.0235,0.27095251255771036,2204,0.858491136350472,0.27275194200474867
Dambulla-Retail,Nuwara Eliya,Rainfall_Z,Seasonal Rain Anomaly Z,21,0.2313,3.7880579521851146e-28,0.2221,4.7926036697439285e-26,0.0085,0.6907436766655126,2204,2.237868082521668e-27,2.217300974917673e-25
Dambulla-Retail,Nuwara Eliya,Temperature_Z,Seasonal Temp Anomaly Z,21,-0.079,0.00020512438813902274,-0.0992,3.0866261285798505e-06,0.0293,0.1696539400783316,2204,0.00029836274638403307,3.848261147320333e-06
Dambulla-Retail,Nuwara Eliya,Rainfall,Raw Cumulative Rain,30,0.2822,1.7903930190924996e-41,0.2836,7.005847279203538e-42,-0.0523,0.014301385454684762,2195,1.5988626030965577e-40,4.638354060714067e-41
Dambulla-Retail,Nuwara Eliya,Temperature,Raw Moving Avg Temp,30,-0.0101,0.6366259837872644,-0.0053,0.8053533887686691,-0.012,0.5735713138147185,2195,0.6501712174848657,0.8074561391309895
Dambulla-Retail,Nuwara Eliya,Rainfall_Z,Seasonal Rain Anomaly Z,30,0.2107,1.8950211724992282e-23,0.2251,1.2754525560809903e-26,-0.0428,0.04473928814671757,2195,9.702508403196047e-23,6.122172269188754e-26
Dambulla-Retail,Nuwara Eliya,Temperature_Z,Seasonal Temp Anomaly Z,30,-0.087,4.431325035539798e-05,-0.1014,1.9134046056917623e-06,-0.0097,0.6512275699145862,2195,6.806515254589129e-05,2.4249088072133224e-06
Dambulla-Wholesale,Anuradhapura,Rainfall,Raw Cumulative Rain,1,0.0464,0.02874206722760967,0.0781,0.00022804762210388302,0.0942,8.521427258975975e-06,2224,0.03427625408509973,0.0002629738344981714
Dambulla-Wholesale,Anuradhapura,Temperature,Raw Moving Avg Temp,1,-0.1526,4.668661639630724e-13,-0.2122,4.731350265829302e-24,-0.0323,0.12774905512181686,2224,1.7073962567792363e-12,1.9965258264598374e-23
Dambulla-Wholesale,Anuradhapura,Rainfall_Z,Seasonal Rain Anomaly Z,1,0.0258,0.22370901984182268,0.0891,2.589058670891214e-05,0.0623,0.0032913716847771247,2224,0.2475627193638614,3.116609810727982e-05
Dambulla-Wholesale,Anuradhapura,Temperature_Z,Seasonal Temp Anomaly Z,1,-0.0693,0.0010711125173018818,-0.1405,2.8586754052714516e-11,-0.0535,0.011615359397126547,2224,0.0014637267140353118,5.058669841586347e-11
Dambulla-Wholesale,Anuradhapura,Rainfall,Raw Cumulative Rain,3,0.0879,3.3275894210426906e-05,0.1422,1.675486533959611e-11,0.0159,0.4550602555777248,2222,5.1942859255300536e-05,3.0064805095350026e-11
Dambulla-Wholesale,Anuradhapura,Temperature,Raw Moving Avg Temp,3,-0.1761,6.178908617649866e-17,-0.2294,6.357238674429651e-28,-0.0198,0.34970832520916867,2222,2.696251033156305e-16,3.212078488132876e-27
Dambulla-Wholesale,Anuradhapura,Rainfall_Z,Seasonal Rain Anomaly Z,3,0.0702,0.0009312715338256815,0.1456,5.373723654559609e-12,0.0193,0.36288812853041374,2222,0.001281750068061153,9.920720593033125e-12
Dambulla-Wholesale,Anuradhapura,Temperature_Z,Seasonal Temp Anomaly Z,3,-0.1156,4.6380010126546695e-08,-0.1845,1.841610326677153e-18,-0.037,0.08106883066181758,2222,9.679306461192353e-08,5.317130567248322e-18
Dambulla-Wholesale,Anuradhapura,Rainfall,Raw Cumulative Rain,7,0.123,6.143491427397643e-09,0.2013,1.030513701313081e-21,0.0597,0.004939175754373296,2218,1.49310171400044e-08,3.698292161721711e-21
Dambulla-Wholesale,Anuradhapura,Temperature,Raw Moving Avg Temp,7,-0.1649,5.479934072938218e-15,-0.2121,5.474688023117717e-24,0.0077,0.7176270821382211,2218,2.22168442656808e-14,2.2850871748665255e-23
Dambulla-Wholesale,Anuradhapura,Rainfall_Z,Seasonal Rain Anomaly Z,7,0.0777,0.000250395156022545,0.1749,1.0896803155130801e-16,0.0348,0.10168692647173334,2218,0.0003587751489278257,2.75287658655936e-16
Dambulla-Wholesale,Anuradhapura,Temperature_Z,Seasonal Temp Anomaly Z,7,-0.0922,1.3729253488647775e-05,-0.1596,4.017973100912282e-14,0.0128,0.5468353735477879,2218,2.2058716902262534e-05,8.91850676734287e-14
Dambulla-Wholesale,Anuradhapura,Rainfall,Raw Cumulative Rain,14,0.3131,1.7768244044929947e-51,0.3198,9.16385161840295e-54,0.0224,0.2914715245634268,2211,2.72920228530124e-50,1.0663390974141613e-52
Dambulla-Wholesale,Anuradhapura,Temperature,Raw Moving Avg Temp,14,-0.1701,8.024766947382657e-16,-0.1857,1.3206830228260468e-18,0.0078,0.7131975784233393,2211,3.3862752832911434e-15,3.871315120345053e-18
Dambulla-Wholesale,Anuradhapura,Rainfall_Z,Seasonal Rain Anomaly Z,14,0.1957,1.62427320342016e-20,0.2473,3.683330560361295e-32,0.0179,0.40081856637888386,2211,7.69324134579861e-20,2.0498535292445467e-31
Dambulla-Wholesale,Anuradhapura,Temperature_Z,Seasonal Temp Anomaly Z,14,-0.1399,3.9219390111277265e-11,-0.1799,1.5215923905931027e-17,-0.0079,0.7120298835703756,2211,1.2082981812333157e-10,4.029596399915527e-17
Dambulla-Wholesale,Anuradhapura,Rainfall,Raw Cumulative Rain,21,0.3975,2.450152984298916e-84,0.4389,1.7954983311987807e-104,0.0013,0.9528956734821056,2204,9.408587459707838e-82,3.2661796887642293e-102
Dambulla-Wholesale,Anuradhapura,Temperature,Raw Moving Avg Temp,21,-0.1314,5.983426577080873e-10,-0.1385,6.63614731436818e-11,0.0233,0.274939703802272,2204,1.664953482318156e-09,1.1427267124293189e-10
Dambulla-Wholesale,Anuradhapura,Rainfall_Z,Seasonal Rain Anomaly Z,21,0.3333,2.4361066628334535e-58,0.3846,1.2673392759962683e-78,0.0231,0.27934075245677215,2204,6.236433056853641e-57,2.862695776368041e-77
Dambulla-Wholesale,Anuradhapura,Temperature_Z,Seasonal Temp Anomaly Z,21,-0.1236,5.890390499951814e-09,-0.1627,1.5092054516472127e-14,0.0189,0.37610143133788876,2204,1.4592967432138688e-08,3.429200552855205e-14
Dambulla-Wholesale,Anuradhapura,Rainfall,Raw Cumulative Rain,30,0.3401,1.44776475589677e-60,0.4407,5.7753240323287484e-105,-0.0526,0.013768760866202753,2195,4.276474355879689e-59,2.2177244284142394e-102
Dambulla-Wholesale,Anuradhapura,Temperature,Raw Moving Avg Temp,30,-0.0935,1.1405798401033886e-05,-0.0746,0.00046511439463789076,0.0122,0.5681950892938886,2195,1.85585872288009e-05,0.0005299819808336797
Dambulla-Wholesale,Anuradhapura,Rainfall_Z,Seasonal Rain Anomaly Z,30,0.3313,2.300527162702875e-57,0.435,5.200372708488147e-102,-0.0414,0.05259696318166028,2195,4.9077912804328e-56,4.992357800148621e-100
Dambulla-Wholesale,Anuradhapura,Temperature_Z,Seasonal Temp Anomaly Z,30,-0.1206,1.4387320711199405e-08,-0.1474,3.944768325020456e-12,0.0099,0.6438858416821297,2195,3.328151297048537e-08,7.353354547610946e-12
Dambulla-Wholesale,Badulla,Rainfall,Raw Cumulative Rain,1,0.0626,0.003126920825983264,0.1056,5.936171514298962e-07,0.0926,1.209319220380705e-05,2224,0.004056545936410721,7.649294837217455e-07
Dambulla-Wholesale,Badulla,Temperature,Raw Moving Avg Temp,1,-0.1072,4.0614352804884103e-07,-0.1505,9.733713524819208e-13,-0.0174,0.4126928933478138,2224,7.682715013337683e-07,1.926673192541534e-12
Dambulla-Wholesale,Badulla,Rainfall_Z,Seasonal Rain Anomaly Z,1,0.0132,0.532463030981128,0.0799,0.00016325487363877747,0.0669,0.0015946904455448733,2224,0.5571275310538233,0.0001905467218154728
Dambulla-Wholesale,Badulla,Temperature_Z,Seasonal Temp Anomaly Z,1,-0.013,0.5407592412310346,-0.097,4.640779218844813e-06,-0.0249,0.23992521300140618,2224,0.5642705125889056,5.711728269347462e-06
Dambulla-Wholesale,Badulla,Rainfall,Raw Cumulative Rain,3,0.0847,6.433417732594428e-05,0.1637,8.242826737773638e-15,0.0043,0.8387088786656638,2222,9.764554977534625e-05,1.9067743778946246e-14
Dambulla-Wholesale,Badulla,Temperature,Raw Moving Avg Temp,3,-0.123,6.006463596145252e-09,-0.1577,7.706235750626503e-14,-0.0116,0.584337491320168,2222,1.4690968286113228e-08,1.6259310594728445e-13
Dambulla-Wholesale,Badulla,Rainfall_Z,Seasonal Rain Anomaly Z,3,0.0287,0.17665045371317523,0.1195,1.6070220377914048e-08,0.0088,0.6782457758955963,2222,0.1971912041449398,2.3112227060370766e-08
Dambulla-Wholesale,Badulla,Temperature_Z,Seasonal Temp Anomaly Z,3,-0.0429,0.0433104730063663,-0.119,1.864574537012645e-08,-0.0199,0.3493149236324475,2222,0.050860004998301706,2.6518393415290952e-08
Dambulla-Wholesale,Badulla,Rainfall,Raw Cumulative Rain,7,0.1096,2.296188245505857e-07,0.2038,3.14900198189905e-22,0.0312,0.14229691417863014,2218,4.430835609418337e-07,1.1627084240858029e-21
Dambulla-Wholesale,Badulla,Temperature,Raw Moving Avg Temp,7,-0.1174,2.924269549402624e-08,-0.1286,1.2245964174821727e-09,0.0085,0.6906132077039843,2218,6.380224471423907e-08,1.911565139484367e-09
Dambulla-Wholesale,Badulla,Rainfall_Z,Seasonal Rain Anomaly Z,7,0.036,0.0897184372143424,0.1296,9.105657274648295e-10,0.0302,0.15501745715257773,2218,0.10253535681639131,1.438918680438249e-09
Dambulla-Wholesale,Badulla,Temperature_Z,Seasonal Temp Anomaly Z,7,-0.0105,0.6223836307599179,-0.063,0.002975988828096691,0.0272,0.20112326451214302,2218,0.6390249043096483,0.003265084885683227
Dambulla-Wholesale,Badulla,Rainfall,Raw Cumulative Rain,14,0.2409,1.486097750073896e-30,0.2487,1.602513144017561e-32,0.0094,0.6594239831904471,2211,9.355107148006165e-30,9.049485989746227e-32
Dambulla-Wholesale,Badulla,Temperature,Raw Moving Avg Temp,14,-0.1184,2.329231107521284e-08,-0.0983,3.612270241344593e-06,-0.0004,0.9842329428909834,2211,5.170085232879613e-08,4.4890348630301735e-06
Dambulla-Wholesale,Badulla,Rainfall_Z,Seasonal Rain Anomaly Z,14,0.1169,3.537496889598045e-08,0.1682,1.6884918312602787e-15,0.0067,0.7519521018629435,2211,7.58882014304832e-08,4.052380395024669e-15
Dambulla-Wholesale,Badulla,Temperature_Z,Seasonal Temp Anomaly Z,14,-0.0121,0.5692013896270954,-0.0563,0.008110741952349397,-0.0149,0.48504974377112714,2211,0.5891464517973171,0.008699790250564715
Dambulla-Wholesale,Badulla,Rainfall,Raw Cumulative Rain,21,0.3035,3.5731332031165697e-48,0.2924,1.044369304182353e-44,-0.0007,0.9736158614269684,2204,4.2877598437398836e-47,7.712265630885068e-44
Dambulla-Wholesale,Badulla,Temperature,Raw Moving Avg Temp,21,-0.1153,5.7495384434025925e-08,-0.0731,0.0005894283606055963,0.0081,0.7051450611914678,2204,1.1806538835650244e-07,0.0006696464215164171
Dambulla-Wholesale,Badulla,Rainfall_Z,Seasonal Rain Anomaly Z,21,0.2036,4.703485531879233e-22,0.2573,1.1749141665419432e-34,0.004,0.8496945152528687,2204,2.315562108002084e-21,7.049484999251659e-34
Dambulla-Wholesale,Badulla,Temperature_Z,Seasonal Temp Anomaly Z,21,-0.008,0.708565508944773,-0.0496,0.019994818431412327,0.0126,0.55303759813155,2204,0.7179133388780813,0.020921008930960036
Dambulla-Wholesale,Badulla,Rainfall,Raw Cumulative Rain,30,0.2629,4.91866218418635e-36,0.2853,2.2802857985925655e-42,-0.0477,0.0253981887459232,2195,3.49771533097696e-35,1.5636245476063307e-41
Dambulla-Wholesale,Badulla,Temperature,Raw Moving Avg Temp,30,-0.099,3.352132613880534e-06,-0.0385,0.0710652604780537,0.0078,0.716232406715787,2195,5.74651305236663e-06,0.07238477459833587
Dambulla-Wholesale,Badulla,Rainfall_Z,Seasonal Rain Anomaly Z,30,0.2189,3.1567095641571606e-25,0.3241,7.147329515814259e-55,-0.0253,0.23639175884583286,2195,1.6835784342171524e-24,8.853466238944113e-54
Dambulla-Wholesale,Badulla,Temperature_Z,Seasonal Temp Anomaly Z,30,-0.0066,0.7563202354815913,-0.0533,0.012569093068989136,0.0013,0.9496168910843751,2195,0.7602800272903955,0.01329623068455049
Dambulla-Wholesale,Dambulla,Rainfall,Raw Cumulative Rain,1,0.0479,0.024005430016985112,0.0635,0.002726101674692734,0.0844,6.776796001624683e-05,2224,0.028806516020382134,0.003008112192764396
Dambulla-Wholesale,Dambulla,Temperature,Raw Moving Avg Temp,1,-0.1573,8.658564637841527e-14,-0.2122,4.583787028432353e-24,-0.0277,0.19185264839358174,2224,3.291969129634798e-13,1.9557491321311375e-23
Dambulla-Wholesale,Dambulla,Rainfall_Z,Seasonal Rain Anomaly Z,1,0.0213,0.3145360669321314,0.0452,0.03316329331451823,0.0668,0.001627978616148074,2224,0.3376338774018715,0.034354791185912795
Dambulla-Wholesale,Dambulla,Temperature_Z,Seasonal Temp Anomaly Z,1,-0.0659,0.0018638407205039044,-0.1268,1.9657464425426788e-09,-0.0507,0.016853539397658303,2224,0.0024679821954258596,3.0073571073162894e-09
Dambulla-Wholesale,Dambulla,Rainfall,Raw Cumulative Rain,3,0.0938,9.459316707092608e-06,0.1274,1.6811555451818248e-09,0.0144,0.49703447997241074,2222,1.5589603500101122e-05,2.5926254190755854e-09
Dambulla-Wholesale,Dambulla,Temperature,Raw Moving Avg Temp,3,-0.1807,9.094255143981207e-18,-0.2294,6.528420020375249e-28,-0.0145,0.49375903334619187,2222,4.1084635003397455e-17,3.255731542628695e-27
Dambulla-Wholesale,Dambulla,Rainfall_Z,Seasonal Rain Anomaly Z,3,0.0679,0.0013619836712780416,0.1133,8.663265919302627e-08,0.019,0.3703647016783577,2222,0.0018480626493666713,1.1672610922849857e-07
Dambulla-Wholesale,Dambulla,Temperature_Z,Seasonal Temp Anomaly Z,3,-0.1109,1.5984177728287308e-07,-0.1684,1.3357745470220923e-15,-0.0316,0.1363869674021907,2222,3.1802716309131224e-07,3.2260215475250535e-15
Dambulla-Wholesale,Dambulla,Rainfall,Raw Cumulative Rain,7,0.108,3.4081264576937337e-07,0.1912,1.036457395843774e-19,0.0383,0.07117395855168134,2218,6.478814652249474e-07,3.3445347899496577e-19
Dambulla-Wholesale,Dambulla,Temperature,Raw Moving Avg Temp,7,-0.1508,9.41121295246495e-13,-0.1993,2.649515436782185e-21,0.0232,0.27411715100794565,2218,3.2267015837022685e-12,9.2492175247669e-21
Dambulla-Wholesale,Dambulla,Rainfall_Z,Seasonal Rain Anomaly Z,7,0.0438,0.03921690356012264,0.1348,1.8243469011254768e-10,0.006,0.7769706282124313,2218,0.04627661683719735,3.045866130574709e-10
Dambulla-Wholesale,Dambulla,Temperature_Z,Seasonal Temp Anomaly Z,7,-0.0638,0.0026549687285936344,-0.13,8.024544677355358e-10,0.0322,0.129051066740066,2218,0.0034677142577549513,1.2890426139457278e-09
Dambulla-Wholesale,Dambulla,Rainfall,Raw Cumulative Rain,14,0.2867,4.276069110968758e-43,0.2905,2.8755339567490336e-44,0.0226,0.2891219358171993,2211,4.1050263465300075e-42,2.0834057347011864e-43
Dambulla-Wholesale,Dambulla,Temperature,Raw Moving Avg Temp,14,-0.1399,3.9332623087021995e-11,-0.1541,3.2564050085925163e-13,0.0133,0.5313555565580783,2211,1.2082981812333157e-10,6.651380443082586e-13
Dambulla-Wholesale,Dambulla,Rainfall_Z,Seasonal Rain Anomaly Z,14,0.1526,5.433491824774346e-13,0.1856,1.3753839970270047e-18,0.0172,0.4191129270463879,2211,1.949963421227429e-12,4.001117082260377e-18
Dambulla-Wholesale,Dambulla,Temperature_Z,Seasonal Temp Anomaly Z,14,-0.1029,1.2465472879918872e-06,-0.1366,1.1257178073440312e-10,-0.0065,0.7608053388341287,2211,2.2367951335929188e-06,1.9042979648462906e-10
Dambulla-Wholesale,Dambulla,Rainfall,Raw Cumulative Rain,21,0.3717,3.5037569625006246e-73,0.3938,1.1182075177762241e-82,0.0017,0.9347142931621234,2204,2.6908853472004797e-71,2.8626112455071336e-81
Dambulla-Wholesale,Dambulla,Temperature,Raw Moving Avg Temp,21,-0.089,2.876059574986072e-05,-0.1003,2.370228420089093e-06,0.0261,0.220200500430575,2204,4.507783170590415e-05,2.9647156785479207e-06
Dambulla-Wholesale,Dambulla,Rainfall_Z,Seasonal Rain Anomaly Z,21,0.2717,1.3008075641838864e-38,0.3166,1.7231790808197533e-52,0.017,0.4259571192940245,2204,1.0194083768298213e-37,1.838057686207737e-51
Dambulla-Wholesale,Dambulla,Temperature_Z,Seasonal Temp Anomaly Z,21,-0.0759,0.0003602865972907508,-0.1178,2.9369885558241548e-08,0.019,0.3728461243533606,2204,0.0005105168020651229,4.1011040197690014e-08
Dambulla-Wholesale,Dambulla,Rainfall,Raw Cumulative Rain,30,0.3288,1.7071399389180798e-56,0.3823,2.544295618677785e-77,-0.0524,0.01413342410369398,2195,3.277708682722713e-55,5.1421553556435234e-76
Dambulla-Wholesale,Dambulla,Temperature,Raw Moving Avg Temp,30,-0.0541,0.011245005025492126,-0.044,0.03906273605962314,0.0085,0.6890745926793662,2195,0.013974375177310604,0.040214720232963234
Dambulla-Wholesale,Dambulla,Rainfall_Z,Seasonal Rain Anomaly Z,30,0.2788,1.8023667355289718e-40,0.3546,5.07961120226943e-66,-0.0427,0.0452625919660039,2195,1.538019614318056e-39,7.802282806685846e-65
Dambulla-Wholesale,Dambulla,Temperature_Z,Seasonal Temp Anomaly Z,30,-0.0789,0.00021360166631692942,-0.1122,1.3499138857542063e-07,0.004,0.8502706804738053,2195,0.00030904414147834745,1.7936572046007448e-07
Dambulla-Wholesale,Nuwara Eliya,Rainfall,Raw Cumulative Rain,1,0.0528,0.01283868236959279,0.0229,0.27943198446268,0.091,1.7135504884318267e-05,2224,0.015852263761812316,0.2816322363088429
Dambulla-Wholesale,Nuwara Eliya,Temperature,Raw Moving Avg Temp,1,-0.1258,2.6619770921118e-09,-0.2026,4.8794120367877875e-22,0.0136,0.5218889292815843,2224,6.8603973380599415e-09,1.7676360586099154e-21
Dambulla-Wholesale,Nuwara Eliya,Rainfall_Z,Seasonal Rain Anomaly Z,1,0.0456,0.0313846407081359,0.0353,0.0961841250641793,0.0687,0.0011924427215302762,2224,0.03731177099666931,0.09771085720805517
Dambulla-Wholesale,Nuwara Eliya,Temperature_Z,Seasonal Temp Anomaly Z,1,-0.1021,1.4015200279992725e-06,-0.1476,2.688457790127107e-12,-0.0013,0.9512369085177096,2224,2.503179956984747e-06,5.136158166212981e-12
Dambulla-Wholesale,Nuwara Eliya,Rainfall,Raw Cumulative Rain,3,0.0672,0.0015373306645655321,0.092,1.4013315326630409e-05,-0.0001,0.9973794069089473,2222,0.0020786442788491705,1.6975120143299927e-05
Dambulla-Wholesale,Nuwara Eliya,Temperature,Raw Moving Avg Temp,3,-0.1216,8.814513707384544e-09,-0.1915,8.54365552282363e-20,0.0075,0.7246367614171434,2222,2.089366212120781e-08,2.7803082379358257e-19
Dambulla-Wholesale,Nuwara Eliya,Rainfall_Z,Seasonal Rain Anomaly Z,3,0.0546,0.010044121968882783,0.0852,5.7587778426869875e-05,-0.0089,0.6761795434250346,2222,0.012563331713521135,6.889005269756396e-05
Dambulla-Wholesale,Nuwara Eliya,Temperature_Z,Seasonal Temp Anomaly Z,3,-0.113,9.177636841057443e-08,-0.1475,2.803003148720913e-12,-0.01,0.6385978103441872,2222,1.8646627232624644e-07,5.3284812332120325e-12
Dambulla-Wholesale,Nuwara Eliya,Rainfall,Raw Cumulative Rain,7,0.0811,0.00013219565280987936,0.1304,7.190066525196668e-10,0.0397,0.06150031699115407,2218,0.00019449475355936272,1.163785919506225e-09
Dambulla-Wholesale,Nuwara Eliya,Temperature,Raw Moving Avg Temp,7,-0.0893,2.535938665420209e-05,-0.1485,2.116131016082304e-12,0.0523,0.013809586145060686,2218,4.0074092490590954e-05,4.083388493344747e-12
Dambulla-Wholesale,Nuwara Eliya,Rainfall_Z,Seasonal Rain Anomaly Z,7,0.0392,0.06475344563901378,0.0825,0.00010023995368041314,0.0117,0.5825592976084751,2218,0.0751218221310613,0.00011880290806567482
Dambulla-Wholesale,Nuwara Eliya,Temperature_Z,Seasonal Temp Anomaly Z,7,-0.0934,1.0649470733870089e-05,-0.1195,1.6732043182613508e-08,0.0532,0.012264042692386743,2218,1.7401688348111124e-05,2.3974270828819357e-08
Dambulla-Wholesale,Nuwara Eliya,Rainfall,Raw Cumulative Rain,14,0.2456,1.0125909126422521e-31,0.1882,4.538868273081298e-19,0.0226,0.28836121133712994,2211,6.590422211095337e-31,1.4055850135993696e-18
Dambulla-Wholesale,Nuwara Eliya,Temperature,Raw Moving Avg Temp,14,-0.0493,0.020455117766857902,-0.0769,0.0002965130554963208,0.0097,0.6493615818998331,2211,0.024700519567526523,0.0003398836218226483
Dambulla-Wholesale,Nuwara Eliya,Rainfall_Z,Seasonal Rain Anomaly Z,14,0.1264,2.4585790593744624e-09,0.0961,5.934607292977479e-06,0.0177,0.4048439226774422,2211,6.4224106040802286e-09,7.280796167742338e-06
Dambulla-Wholesale,Nuwara Eliya,Temperature_Z,Seasonal Temp Anomaly Z,14,-0.1167,3.7457577365213195e-08,-0.1232,6.12677918805204e-09,-0.0154,0.46977086020017533,2211,7.990949837912148e-08,9.048781570046091e-09
Dambulla-Wholesale,Nuwara Eliya,Rainfall,Raw Cumulative Rain,21,0.3125,3.941818860776958e-51,0.2708,2.3387999960078531e-38,-0.0003,0.9882614857148341,2204,5.821763240532123e-50,1.496831997445026e-37
Dambulla-Wholesale,Nuwara Eliya,Temperature,Raw Moving Avg Temp,21,-0.0006,0.9790591149157312,-0.0092,0.6668845923005281,0.0234,0.27205135914533474,2204,0.9790591149157312,0.6703761346685937
Dambulla-Wholesale,Nuwara Eliya,Rainfall_Z,Seasonal Rain Anomaly Z,21,0.2105,1.6723475008573902e-23,0.1757,9.791585666320537e-17,0.0079,0.7117609796206555,2204,8.678127572016728e-23,2.4900456264020437e-16
Dambulla-Wholesale,Nuwara Eliya,Temperature_Z,Seasonal Temp Anomaly Z,21,-0.0776,0.0002676124294723956,-0.0821,0.00011400811099679563,0.029,0.17387128066091173,2204,0.0003820192301762079,0.0001338810844733013
Dambulla-Wholesale,Nuwara Eliya,Rainfall,Raw Cumulative Rain,30,0.2678,2.2658486969165533e-37,0.2472,6.330218235064737e-32,-0.0509,0.01701900486068882,2195,1.67324211464607e-36,3.3761163920345262e-31
Dambulla-Wholesale,Nuwara Eliya,Temperature,Raw Moving Avg Temp,30,-0.0087,0.6836186441397746,0.0041,0.8483998770934578,-0.0122,0.5686753248774495,2195,0.6944697337292949,0.8483998770934577
Dambulla-Wholesale,Nuwara Eliya,Rainfall_Z,Seasonal Rain Anomaly Z,30,0.1896,3.3160829174097926e-19,0.1883,5.703972467771851e-19,-0.0407,0.05655751325934431,2195,1.5159236193873338e-18,1.7246656910428273e-18
Dambulla-Wholesale,Nuwara Eliya,Temperature_Z,Seasonal Temp Anomaly Z,30,-0.0878,3.783199180654307e-05,-0.0909,2.010431510737029e-05,-0.0099,0.6424296625911609,2195,5.834331266551221e-05,2.4276908808899974e-05
Pettah-Retail,Anuradhapura,Rainfall,Raw Cumulative Rain,1,0.0269,0.20534879759205027,0.0567,0.007526732778082125,0.0603,0.004473058021650084,2224,0.2285621399285429,0.008118722996582967
Pettah-Retail,Anuradhapura,Temperature,Raw Moving Avg Temp,1,-0.1351,1.5968731656483185e-10,-0.1959,1.1424165883818975e-20,-0.0465,0.028475788236467167,2224,4.6105210196161976e-10,3.848140087181129e-20
Pettah-Retail,Anuradhapura,Rainfall_Z,Seasonal Rain Anomaly Z,1,0.021,0.3231064381420166,0.0688,0.001169885515328787,0.0589,0.00545969896775093,2224,0.3456068864805972,0.0013059187147856227
Pettah-Retail,Anuradhapura,Temperature_Z,Seasonal Temp Anomaly Z,1,-0.0514,0.01543569177519883,-0.112,1.1828656763296903e-07,-0.0671,0.001544396038559282,2224,0.018876769559478822,1.5771542351062537e-07
Pettah-Retail,Anuradhapura,Rainfall,Raw Cumulative Rain,3,0.082,0.00010930561486084061,0.1192,1.7367245217042857e-08,0.0526,0.013112651286312548,2222,0.00016143598502524152,2.4791903952953372e-08
Pettah-Retail,Anuradhapura,Temperature,Raw Moving Avg Temp,3,-0.1634,9.281188327995976e-15,-0.2195,1.1969614236294526e-25,-0.0384,0.07053065999223924,2222,3.674202389639644e-14,5.407449254984821e-25
Pettah-Retail,Anuradhapura,Rainfall_Z,Seasonal Rain Anomaly Z,3,0.0743,0.0004556041434579625,0.1305,6.607210714625455e-10,0.0523,0.013631331789099806,2222,0.0006408497842046065,1.0750715739051586e-09
Pettah-Retail,Anuradhapura,Temperature_Z,Seasonal Temp Anomaly Z,3,-0.0988,3.0382123045662662e-06,-0.1582,6.404137052289851e-14,-0.0615,0.003708998461975235,2222,5.2552861484389465e-06,1.3738483955750296e-13
Pettah-Retail,Anuradhapura,Rainfall,Raw Cumulative Rain,7,0.1302,7.526250271618726e-10,0.1835,3.0281727747653333e-18,0.0515,0.015329191708120781,2218,2.0643429316439933e-09,8.48772514970721e-18
Pettah-Retail,Anuradhapura,Temperature,Raw Moving Avg Temp,7,-0.1674,2.0926470410437225e-15,-0.2191,1.627223253377926e-25,0.0048,0.8194591850077714,2218,8.64060713721279e-15,7.265741038338646e-25
Pettah-Retail,Anuradhapura,Rainfall_Z,Seasonal Rain Anomaly Z,7,0.0977,4.046231277553784e-06,0.1772,4.1634477174667716e-17,0.0201,0.3442371601095611,2218,6.905568047025125e-06,1.0729959218169397e-16
Pettah-Retail,Anuradhapura,Temperature_Z,Seasonal Temp Anomaly Z,7,-0.0968,4.899534407392868e-06,-0.154,3.03636988286514e-13,0.0133,0.5314254176414096,2218,8.25184742297746e-06,6.268634596882869e-13
Pettah-Retail,Anuradhapura,Rainfall,Raw Cumulative Rain,14,0.3085,5.718888910501197e-50,0.3091,3.6920308983869756e-50,0.0436,0.0403180010613828,2211,7.843047648687357e-49,3.544349662451497e-49
Pettah-Retail,Anuradhapura,Temperature,Raw Moving Avg Temp,14,-0.1774,4.242908240810572e-17,-0.2092,2.7426656963891337e-23,0.0054,0.800332643602138,2211,1.872731913185356e-16,1.0970662785556535e-22
Pettah-Retail,Anuradhapura,Rainfall_Z,Seasonal Rain Anomaly Z,14,0.2036,4.087979857173396e-22,0.2602,1.481155627917705e-35,0.027,0.20396456114717837,2211,2.0386808638371223e-21,9.027996208260296e-35
Pettah-Retail,Anuradhapura,Temperature_Z,Seasonal Temp Anomaly Z,14,-0.1324,4.1735907497367545e-10,-0.1604,3.24912113397786e-14,-0.0039,0.8546244151886904,2211,1.1698239765685502e-09,7.253851833997082e-14
Pettah-Retail,Anuradhapura,Rainfall,Raw Cumulative Rain,21,0.3798,1.5347699489923492e-76,0.3945,5.595242963793555e-83,-0.0018,0.9320997372485589,2204,1.964505534710207e-74,1.534695212926232e-81
Pettah-Retail,Anuradhapura,Temperature,Raw Moving Avg Temp,21,-0.1531,4.889068099012739e-13,-0.1747,1.4757280310549185e-16,0.0227,0.28671988886274596,2204,1.7711341037932943e-12,3.703787999510384e-16
Pettah-Retail,Anuradhapura,Rainfall_Z,Seasonal Rain Anomaly Z,21,0.3057,6.609192145701634e-49,0.3417,2.208813708493127e-61,0.0186,0.38260876380492687,2204,8.186870270804604e-48,3.029230228790574e-60
Pettah-Retail,Anuradhapura,Temperature_Z,Seasonal Temp Anomaly Z,21,-0.1225,7.987876403521355e-09,-0.1389,5.82903504628105e-11,0.0232,0.27727270216433425,2204,1.917090336845125e-08,1.0082655215188842e-10
Pettah-Retail,Anuradhapura,Rainfall,Raw Cumulative Rain,30,0.3503,2.2119582396793414e-64,0.4277,2.4358275549755537e-98,-0.0485,0.023195862951982636,2195,1.0617399550460838e-62,1.1691972263882658e-96
Pettah-Retail,Anuradhapura,Temperature,Raw Moving Avg Temp,30,-0.1273,2.1465162701061735e-09,-0.1251,4.131560076742764e-09,0.0129,0.547210718470753,2195,5.645631833703909e-09,6.173225951242106e-09
Pettah-Retail,Anuradhapura,Rainfall_Z,Seasonal Rain Anomaly Z,30,0.33,6.485264538516109e-57,0.4013,1.0488193183668623e-85,-0.0341,0.11045706849574247,2195,1.310706096205361e-55,3.6613328932079557e-84
Pettah-Retail,Anuradhapura,Temperature_Z,Seasonal Temp Anomaly Z,30,-0.1284,1.5754390067335246e-09,-0.1294,1.1532701500720887e-09,0.0119,0.5762969337383133,2195,4.26034210271601e-09,1.8149825312609921e-09
Pettah-Retail,Badulla,Rainfall,Raw Cumulative Rain,1,0.0467,0.0277121500265894,0.1172,2.9550612644435183e-08,0.081,0.00013183168898994914,2224,0.03315098320937797,4.1113895853127213e-08
Pettah-Retail,Badulla,Temperature,Raw Moving Avg Temp,1,-0.1201,1.3444505024455813e-08,-0.1834,2.828299720029448e-18,-0.0289,0.17366924836642253,2224,3.128902987509716e-08,7.985787444789029e-18
Pettah-Retail,Badulla,Rainfall_Z,Seasonal Rain Anomaly Z,1,0.0113,0.5943283481276845,0.0786,0.00020886341779085453,0.0659,0.0018694840381970855,2224,0.6135002303253518,0.00024157696515568716
Pettah-Retail,Badulla,Temperature_Z,Seasonal Temp Anomaly Z,1,-0.0073,0.7290980136681708,-0.0822,0.00010478692379932008,-0.0389,0.06691958296114524,2224,0.73677272960152,0.00012380978073519663
Pettah-Retail,Badulla,Rainfall,Raw Cumulative Rain,3,0.0799,0.0001629523726245631,0.1675,1.9028305586411836e-15,0.0455,0.032132917761137324,2222,0.0002388309583505047,4.510413176038361e-15
Pettah-Retail,Badulla,Temperature,Raw Moving Avg Temp,3,-0.1377,7.029669007449438e-11,-0.1955,1.3866250986697784e-20,-0.026,0.22036306561802424,2222,2.1043088794066464e-10,4.6301220686016945e-20
Pettah-Retail,Badulla,Rainfall_Z,Seasonal Rain Anomaly Z,3,0.0294,0.1655158926897097,0.117,3.178539057160907e-08,0.0442,0.037371854555003754,2222,0.18530059123279455,4.406350173103929e-08
Pettah-Retail,Badulla,Temperature_Z,Seasonal Temp Anomaly Z,3,-0.0364,0.08610088867543383,-0.1042,8.637218964792559e-07,-0.0467,0.02771597867782127,2222,0.09899024326756464,1.1055640274934474e-06
Pettah-Retail,Badulla,Rainfall,Raw Cumulative Rain,7,0.1344,2.1155446492678482e-10,0.2221,3.3624397539056845e-26,0.0471,0.026410687222966037,2218,6.017549224584102e-10,1.5746059335363205e-25
Pettah-Retail,Badulla,Temperature,Raw Moving Avg Temp,7,-0.1418,1.943710871718769e-11,-0.1815,6.9074368496440255e-18,0.0071,0.7397189583320088,2218,6.21987478950006e-11,1.8679265846924688e-17
Pettah-Retail,Badulla,Rainfall_Z,Seasonal Rain Anomaly Z,7,0.0629,0.0030621549522039907,0.1474,3.023581694169781e-12,0.0394,0.06346916026780886,2218,0.003985991531004517,5.691447894907823e-12
Pettah-Retail,Badulla,Temperature_Z,Seasonal Temp Anomaly Z,7,-0.0222,0.2960404034895761,-0.0797,0.0001703068740744142,0.0297,0.1617271954456307,2218,0.32203828594900064,0.0001981752716502274
Pettah-Retail,Badulla,Rainfall,Raw Cumulative Rain,14,0.2437,3.017451081586287e-31,0.2705,2.1973970922162777e-38,0.0223,0.2943236883997252,2211,1.931168692215224e-30,1.4301703108661875e-37
Pettah-Retail,Badulla,Temperature,Raw Moving Avg Temp,14,-0.1496,1.5364111962037921e-12,-0.1588,5.872721287334207e-14,-0.0024,0.91203776553823,2211,5.130277385584837e-12,1.2669241428855817e-13
Pettah-Retail,Badulla,Rainfall_Z,Seasonal Rain Anomaly Z,14,0.1247,3.9733472500399306e-09,0.1763,6.791669263374696e-17,0.0114,0.5935709696533482,2211,9.97232250990414e-09,1.7386673314239221e-16
Pettah-Retail,Badulla,Temperature_Z,Seasonal Temp Anomaly Z,14,-0.0216,0.3092920775151091,-0.0596,0.005040380135123983,-0.0135,0.527307679753433,2211,0.3336184206904548,0.005483019750389829
Pettah-Retail,Badulla,Rainfall,Raw Cumulative Rain,21,0.3017,1.3284966308101797e-47,0.3088,6.664235156243386e-50,0.0003,0.9881876985013144,2204,1.5004197242091441e-46,6.241625121945025e-49
Pettah-Retail,Badulla,Temperature,Raw Moving Avg Temp,21,-0.1527,5.678705128727402e-13,-0.1396,4.611494303362061e-11,0.0086,0.6876086141939743,2204,2.019095156880854e-12,8.049153693141052e-11
Pettah-Retail,Badulla,Rainfall_Z,Seasonal Rain Anomaly Z,21,0.1959,1.642827579050745e-20,0.2417,1.129667887626166e-30,0.0044,0.8355299372451631,2204,7.69324134579861e-20,5.942362586965038e-30
Pettah-Retail,Badulla,Temperature_Z,Seasonal Temp Anomaly Z,21,-0.0261,0.22052239675205484,-0.0585,0.005998983285297495,0.0161,0.4502288391737655,2204,0.24474161951673137,0.006489041074800671
Pettah-Retail,Badulla,Rainfall,Raw Cumulative Rain,30,0.2766,7.509827837104235e-40,0.3116,1.2687849579170991e-50,-0.0436,0.041039349706580096,2195,6.269073672713101e-39,1.2821405890530686e-49
Pettah-Retail,Badulla,Temperature,Raw Moving Avg Temp,30,-0.138,8.383317448811792e-11,-0.1039,1.075838725644543e-06,0.0106,0.6196098066155578,2195,2.4573999239265097e-10,1.3724985735797494e-06
Pettah-Retail,Badulla,Rainfall_Z,Seasonal Rain Anomaly Z,30,0.2157,1.633788243383513e-24,0.2967,7.745110391503802e-46,-0.018,0.398739309458369,2195,8.594173773414644e-24,6.06963753130094e-45
Pettah-Retail,Badulla,Temperature_Z,Seasonal Temp Anomaly Z,30,-0.0215,0.3147732502861198,-0.0545,0.010696513556598248,0.0036,0.8657228833667575,2195,0.3376338774018715,0.011346577916391513
Pettah-Retail,Dambulla,Rainfall,Raw Cumulative Rain,1,0.032,0.13159639288094183,0.059,0.005394028536643232,0.0604,0.0043751454328974804,2224,0.14950596114284515,0.005851149599070625
Pettah-Retail,Dambulla,Temperature,Raw Moving Avg Temp,1,-0.1412,2.2220366707116536e-11,-0.1987,3.0937310336723166e-21,-0.0425,0.04517405735087782,2224,6.993951488141599e-11,1.0702637089460986e-20
Pettah-Retail,Dambulla,Rainfall_Z,Seasonal Rain Anomaly Z,1,0.0163,0.44322521704323625,0.044,0.03815439350868285,0.0413,0.05144348958924542,2224,0.47146394278283305,0.03938518039605971
Pettah-Retail,Dambulla,Temperature_Z,Seasonal Temp Anomaly Z,1,-0.0533,0.011862606761532316,-0.1095,2.2849113217767443e-07,-0.0644,0.00236711577084392,2224,0.014694325794930354,2.994559547994095e-07
Pettah-Retail,Dambulla,Rainfall,Raw Cumulative Rain,3,0.0876,3.586236124132388e-05,0.1241,4.360072387317578e-09,0.0561,0.008140491623814411,2222,5.5598856503475964e-05,6.489410064844767e-09
Pettah-Retail,Dambulla,Temperature,Raw Moving Avg Temp,3,-0.1675,1.9374719315587433e-15,-0.2202,8.426533175303699e-26,-0.033,0.11993594493365167,2222,8.086839366506059e-15,3.8521294515674054e-25
Pettah-Retail,Dambulla,Rainfall_Z,Seasonal Rain Anomaly Z,3,0.0745,0.0004419345299137831,0.1162,3.9381672929869033e-08,0.0564,0.007887128277356152,2222,0.0006239075716429879,5.4202732634658454e-08
Pettah-Retail,Dambulla,Temperature_Z,Seasonal Temp Anomaly Z,3,-0.0965,5.164274264449332e-06,-0.147,3.3044759673958035e-12,-0.0564,0.007817874215274946,2222,8.659743744753463e-06,6.189847665756042e-12
Pettah-Retail,Dambulla,Rainfall,Raw Cumulative Rain,7,0.1253,3.1713549138809395e-09,0.195,1.8974835704215196e-20,0.0455,0.03206712986287622,2218,8.064902562452191e-09,6.281324922774686e-20
Pettah-Retail,Dambulla,Temperature,Raw Moving Avg Temp,7,-0.1602,3.162835965697633e-14,-0.2145,1.709838958972553e-24,0.0158,0.45764861791915895,2218,1.2145290108278913e-13,7.546875405120234e-24
Pettah-Retail,Dambulla,Rainfall_Z,Seasonal Rain Anomaly Z,7,0.074,0.0004826890608414672,0.1546,2.4830782142677815e-13,0.008,0.707293018079026,2218,0.0006764693407413263,5.1820762732545e-13
Pettah-Retail,Dambulla,Temperature_Z,Seasonal Temp Anomaly Z,7,-0.0827,9.66191707987713e-05,-0.1401,3.464548930178917e-11,0.0221,0.2976033968081601,2218,0.00014380527746793868,6.102691693526165e-11
Pettah-Retail,Dambulla,Rainfall,Raw Cumulative Rain,14,0.2854,1.0720582089024552e-42,0.2992,5.762787278450954e-47,0.0387,0.06912192534830273,2211,1.004074029801324e-41,4.708319818989716e-46
Pettah-Retail,Dambulla,Temperature,Raw Moving Avg Temp,14,-0.1516,7.703763415100196e-13,-0.1879,5.097997532877583e-19,0.0124,0.5590595749942187,2211,2.665085721980609e-12,1.5536754385912633e-18
Pettah-Retail,Dambulla,Rainfall_Z,Seasonal Rain Anomaly Z,14,0.1651,5.525451924037301e-15,0.2121,6.5153236871824665e-24,0.0241,0.25760880869332975,2211,2.22168442656808e-14,2.661579038168156e-23
Pettah-Retail,Dambulla,Temperature_Z,Seasonal Temp Anomaly Z,14,-0.1037,1.0258989101092313e-06,-0.1341,2.456246156179959e-10,-0.0008,0.971795146143419,2211,1.8495078942814312e-06,4.048062334648516e-10
Pettah-Retail,Dambulla,Rainfall,Raw Cumulative Rain,21,0.3597,2.7350768583687885e-68,0.3807,6.0258317920542035e-77,0.0017,0.9363286079596256,2204,1.5003850194480211e-66,1.156959704074407e-75
Pettah-Retail,Dambulla,Temperature,Raw Moving Avg Temp,21,-0.1164,4.297479411447851e-08,-0.1497,1.6167575714065684e-12,0.026,0.22326305093078722,2204,9.017661715824999e-08,3.1514462305589963e-12
Pettah-Retail,Dambulla,Rainfall_Z,Seasonal Rain Anomaly Z,21,0.2552,4.07451352866455e-34,0.3001,4.3469333196763086e-47,0.016,0.45270161323279434,2204,2.8447512636494313e-33,3.62874433642544e-46
Pettah-Retail,Dambulla,Temperature_Z,Seasonal Temp Anomaly Z,21,-0.0845,7.089045152509307e-05,-0.1154,5.55370670598427e-08,0.0224,0.29323406081941855,2204,0.00010675267994366955,7.562494237936027e-08
Pettah-Retail,Dambulla,Rainfall,Raw Cumulative Rain,30,0.343,1.2653027788696407e-61,0.3966,1.309564634498033e-83,-0.0464,0.029843643497864374,2195,4.8587626708594204e-60,4.1906068303937056e-82
Pettah-Retail,Dambulla,Temperature,Raw Moving Avg Temp,30,-0.0948,8.603198276642574e-06,-0.1076,4.37233039545646e-07,0.0076,0.7211445059926003,2195,1.4239776457891156e-05,5.672212404916489e-07
Pettah-Retail,Dambulla,Rainfall_Z,Seasonal Rain Anomaly Z,30,0.2886,2.322022275095769e-43,0.3486,1.0025413385304414e-63,-0.0321,0.13229940773930074,2195,2.286298855478911e-42,1.4258365703544056e-62
Pettah-Retail,Dambulla,Temperature_Z,Seasonal Temp Anomaly Z,30,-0.1022,1.5949672809566444e-06,-0.1236,6.29202351735566e-09,0.0016,0.941731238754871,2195,2.8224305801260434e-06,9.257230002546259e-09
Pettah-Retail,Nuwara Eliya,Rainfall,Raw Cumulative Rain,1,0.037,0.080903918938735,0.0524,0.013377396064707529,0.0718,0.0007069153030423385,2224,0.09357561708576578,0.014112417826504645
Pettah-Retail,Nuwara Eliya,Temperature,Raw Moving Avg Temp,1,-0.1196,1.5171193973107656e-08,-0.1875,4.780834823874912e-19,0.0098,0.6448240744446451,2224,3.4884661590858326e-08,1.4686724578943728e-18
Pettah-Retail,Nuwara Eliya,Rainfall_Z,Seasonal Rain Anomaly Z,1,0.0442,0.037334298673569875,0.0699,0.0009797772275282302,0.0614,0.0037773580039067492,2224,0.04424805768719392,0.0011001007466983639
Pettah-Retail,Nuwara Eliya,Temperature_Z,Seasonal Temp Anomaly Z,1,-0.1056,5.962708242604663e-07,-0.1356,1.352296835557068e-10,-0.004,0.8513704200024188,2224,1.1061255870339085e-06,2.2775525651487462e-10
Pettah-Retail,Nuwara Eliya,Rainfall,Raw Cumulative Rain,3,0.0667,0.001660860646910894,0.1181,2.3872338995097386e-08,0.0286,0.17722023651163515,2222,0.0022221968237414054,3.345612472305619e-08
Pettah-Retail,Nuwara Eliya,Temperature,Raw Moving Avg Temp,3,-0.1174,2.887707653617203e-08,-0.1879,4.104499826987161e-19,0.0116,0.5855700158656039,2222,6.336455651365748e-08,1.2919081422648113e-18
Pettah-Retail,Nuwara Eliya,Rainfall_Z,Seasonal Rain Anomaly Z,3,0.07,0.0009592804988612083,0.1185,2.1021027891515576e-08,0.0196,0.35571530379233873,2222,0.0013155846841525142,2.9786253543697347e-08
Pettah-Retail,Nuwara Eliya,Temperature_Z,Seasonal Temp Anomaly Z,3,-0.1166,3.5104997616942977e-08,-0.1427,1.4051226445864008e-11,-0.0011,0.9569466650551223,2222,7.573212969048373e-08,2.55719002616672e-11
Pettah-Retail,Nuwara Eliya,Rainfall,Raw Cumulative Rain,7,0.106,5.604857259239573e-07,0.1784,2.5643612472804118e-17,0.0489,0.02124183433042319,2218,1.0550319546803902e-06,6.65347783078161e-17
Pettah-Retail,Nuwara Eliya,Temperature,Raw Moving Avg Temp,7,-0.1044,8.310311034149748e-07,-0.1678,1.8137071248484556e-15,0.047,0.026976294757626595,2218,1.519599731958811e-06,4.325860471688242e-15
Pettah-Retail,Nuwara Eliya,Rainfall_Z,Seasonal Rain Anomaly Z,7,0.0781,0.00023227800756976845,0.1502,1.1735587781559164e-12,0.0174,0.41331441252654016,2218,0.0003340627524598917,2.3110080554454967e-12
Pettah-Retail,Nuwara Eliya,Temperature_Z,Seasonal Temp Anomaly Z,7,-0.1204,1.2903510669681103e-08,-0.1366,1.0628369075684155e-10,0.0468,0.02736705411034504,2218,3.021309815339966e-08,1.80588217923129e-10
Pettah-Retail,Nuwara Eliya,Rainfall,Raw Cumulative Rain,14,0.2476,3.1419274978919955e-32,0.2355,3.0208188753166776e-29,0.045,0.034193200155879004,2211,2.0801726882595282e-31,1.5466592641621389e-28
Pettah-Retail,Nuwara Eliya,Temperature,Raw Moving Avg Temp,14,-0.0655,0.002074513560375702,-0.1186,2.1999602507831725e-08,0.0111,0.6004270622736385,2211,0.002718816406772251,3.1058262363997735e-08
Pettah-Retail,Nuwara Eliya,Rainfall_Z,Seasonal Rain Anomaly Z,14,0.1505,1.1145782857973048e-12,0.1608,2.779118290569771e-14,0.0321,0.13138602107570058,2211,3.7875934667802214e-12,6.240827038472469e-14
Pettah-Retail,Nuwara Eliya,Temperature_Z,Seasonal Temp Anomaly Z,14,-0.1256,3.120569479120944e-09,-0.1272,1.9258826322706975e-09,-0.0102,0.6310531572043047,2211,7.988657866549616e-09,2.9581557231677916e-09
Pettah-Retail,Nuwara Eliya,Rainfall,Raw Cumulative Rain,21,0.3195,1.7001963841749637e-53,0.3168,1.4114614037850063e-52,-0.0005,0.9817449690029496,2204,2.720314214679942e-52,1.54857479729555e-51
Pettah-Retail,Nuwara Eliya,Temperature,Raw Moving Avg Temp,21,-0.0342,0.1088429229801446,-0.081,0.00014142009001889328,0.0227,0.2861306872509406,2204,0.12402279651150008,0.0001655649834367531
Pettah-Retail,Nuwara Eliya,Rainfall_Z,Seasonal Rain Anomaly Z,21,0.2329,1.5977517669164235e-28,0.2281,2.1357413228931378e-27,0.0063,0.7681636768651405,2204,9.586510601498542e-28,1.0514418820396987e-26
Pettah-Retail,Nuwara Eliya,Temperature_Z,Seasonal Temp Anomaly Z,21,-0.1043,9.325996937525624e-07,-0.1157,5.188594642116168e-08,0.0314,0.14089845942451984,2204,1.6972430445544266e-06,7.095066874285537e-08
Pettah-Retail,Nuwara Eliya,Rainfall,Raw Cumulative Rain,30,0.293,1.0362717227699967e-44,0.3191,3.8831081574336604e-53,-0.0412,0.05332078590650374,2195,1.0754820041721047e-43,4.385628036630957e-52
Pettah-Retail,Nuwara Eliya,Temperature,Raw Moving Avg Temp,30,-0.044,0.03928691950241234,-0.0693,0.0011535492925648233,-0.0111,0.601776471441341,2195,0.04627661683719735,0.0012914371088772365
Pettah-Retail,Nuwara Eliya,Rainfall_Z,Seasonal Rain Anomaly Z,30,0.2309,5.843034706810708e-28,0.2479,4.1628045785337874e-32,-0.0282,0.186720849419736,2195,3.3995838294171396e-27,2.2835956545099636e-31
Pettah-Retail,Nuwara Eliya,Temperature_Z,Seasonal Temp Anomaly Z,30,-0.111,1.8566147905396587e-07,-0.1306,8.056516337160799e-10,-0.0063,0.7690358546154106,2195,3.6561029721396356e-07,1.2890426139457278e-09
Pettah-Wholesale,Anuradhapura,Rainfall,Raw Cumulative Rain,1,0.0175,0.4088187026812209,0.0557,0.008554951819999754,0.0617,0.003620409751525894,2224,0.43607328285996894,0.009150700553983024
Pettah-Wholesale,Anuradhapura,Temperature,Raw Moving Avg Temp,1,-0.1208,1.1120927131882506e-08,-0.1859,9.775580946988592e-19,-0.0456,0.03143944443507332,2224,2.619899397940419e-08,2.8875562181873996e-18
Pettah-Wholesale,Anuradhapura,Rainfall_Z,Seasonal Rain Anomaly Z,1,0.0135,0.5252133009889288,0.0724,0.0006384195022705927,0.0601,0.004561347428029712,2224,0.5525531714513662,0.0007231654538994325
Pettah-Wholesale,Anuradhapura,Temperature_Z,Seasonal Temp Anomaly Z,1,-0.0544,0.010276716424322149,-0.1295,8.790437139838873e-10,-0.0678,0.0013666133087927184,2224,0.012812529567986055,1.4006339675095964e-09
Pettah-Wholesale,Anuradhapura,Rainfall,Raw Cumulative Rain,3,0.0708,0.0008424990194632324,0.1207,1.1610039393571843e-08,0.0517,0.01488255212999611,2222,0.0011637396527837455,1.6823604253326748e-08
Pettah-Wholesale,Anuradhapura,Temperature,Raw Moving Avg Temp,3,-0.1482,2.2373499728907633e-12,-0.2081,3.740343974354984e-23,-0.0379,0.07422269573754858,2222,7.406399910259078e-12,1.480713490878674e-22
Pettah-Wholesale,Anuradhapura,Rainfall_Z,Seasonal Rain Anomaly Z,3,0.0654,0.0020509986713731403,0.1355,1.4364697377675712e-10,0.0507,0.016787227780227336,2222,0.0026972037322167326,2.408752748046932e-10
Pettah-Wholesale,Anuradhapura,Temperature_Z,Seasonal Temp Anomaly Z,3,-0.1018,1.5096235129946903e-06,-0.1787,2.104695590548237e-17,-0.0605,0.004355123469243648,2222,2.6837751342127826e-06,5.497980318166823e-17
Pettah-Wholesale,Anuradhapura,Rainfall,Raw Cumulative Rain,7,0.1162,4.0923716420757494e-08,0.1805,1.0711806641913757e-17,0.0505,0.017397401879308983,2218,8.682158621862364e-08,2.8764571681782395e-17
Pettah-Wholesale,Anuradhapura,Temperature,Raw Moving Avg Temp,7,-0.1515,7.438977056991807e-13,-0.2049,1.9137849995948685e-22,0.0046,0.8303134605255317,2218,2.5968792635316854e-12,7.204837645533623e-22
Pettah-Wholesale,Anuradhapura,Rainfall_Z,Seasonal Rain Anomaly Z,7,0.0864,4.6065409829412e-05,0.1792,1.8108997909061904e-17,0.0184,0.3868710304595018,2218,7.047457121312433e-05,4.7629145185477885e-17
Pettah-Wholesale,Anuradhapura,Temperature_Z,Seasonal Temp Anomaly Z,7,-0.0997,2.548636796066628e-06,-0.1728,2.518998800927336e-16,0.0127,0.5500220995360414,2218,4.428400586830702e-06,6.200612433051904e-16
Pettah-Wholesale,Anuradhapura,Rainfall,Raw Cumulative Rain,14,0.2943,2.046012501949436e-45,0.3015,1.0826160279780923e-47,0.0397,0.061896940655453425,2211,2.1824133354127317e-44,9.448285335081534e-47
Pettah-Wholesale,Anuradhapura,Temperature,Raw Moving Avg Temp,14,-0.1624,1.5348918045726582e-14,-0.1923,7.219931690574386e-20,0.0045,0.8333836573882673,2211,6.014269928121437e-14,2.3696186061372346e-19
Pettah-Wholesale,Anuradhapura,Rainfall_Z,Seasonal Rain Anomaly Z,14,0.196,1.3596395553695185e-20,0.2622,4.341888905018493e-36,0.0293,0.1686147015577082,2211,6.526269865773689e-20,2.6891699024630665e-35
Pettah-Wholesale,Anuradhapura,Temperature_Z,Seasonal Temp Anomaly Z,14,-0.1381,7.069162641756703e-11,-0.1819,6.587444231446757e-18,-0.0055,0.7945209792901554,2211,2.1043088794066464e-10,1.806841846339682e-17
Pettah-Wholesale,Anuradhapura,Rainfall,Raw Cumulative Rain,21,0.3639,5.672752498131033e-70,0.3954,2.091278809850862e-83,0.0046,0.8295399607621766,2204,3.630561598803861e-68,6.177315869097931e-82
Pettah-Wholesale,Anuradhapura,Temperature,Raw Moving Avg Temp,21,-0.1395,4.802148011094157e-11,-0.1557,1.9944803022204255e-13,0.0203,0.33997246961862027,2204,1.4635117748096478e-10,4.185138994823188e-13
Pettah-Wholesale,Anuradhapura,Rainfall_Z,Seasonal Rain Anomaly Z,21,0.3081,1.0941476631661225e-49,0.3598,2.4448275997862937e-68,0.0264,0.2160090406040962,2204,1.4488024229510037e-48,3.91172415965807e-67
Pettah-Wholesale,Anuradhapura,Temperature_Z,Seasonal Temp Anomaly Z,21,-0.1299,9.334231231112311e-10,-0.163,1.3821866690188318e-14,0.0198,0.3528135337980568,2204,2.5420885054944167e-09,3.178201682055278e-14
Pettah-Wholesale,Anuradhapura,Rainfall,Raw Cumulative Rain,30,0.3399,1.7363694001147652e-60,0.4313,3.914108611028149e-100,-0.0454,0.033533860545804955,2195,4.7626132117433555e-59,3.006035413269618e-98
Pettah-Wholesale,Anuradhapura,Temperature,Raw Moving Avg Temp,30,-0.1202,1.5942383825374167e-08,-0.1105,2.1061897768181124e-07,0.0094,0.661003069304823,2195,3.6224114727477394e-08,2.7793019735331796e-07
Pettah-Wholesale,Anuradhapura,Rainfall_Z,Seasonal Rain Anomaly Z,30,0.3414,4.681559643550405e-61,0.4394,2.5517028818470544e-104,-0.0306,0.15164882101455618,2195,1.6342899119303233e-59,3.2661796887642293e-102
Pettah-Wholesale,Anuradhapura,Temperature_Z,Seasonal Temp Anomaly Z,30,-0.1425,1.961179191229991e-11,-0.1603,4.2185723306005634e-14,0.0092,0.6680259273335073,2195,6.223907515969558e-11,9.20415781221941e-14
Pettah-Wholesale,Badulla,Rainfall,Raw Cumulative Rain,1,0.0368,0.08237127662707093,0.1069,4.314829005944297e-07,0.0873,3.721181537700712e-05,2224,0.09498669737175747,5.616590977229186e-07
Pettah-Wholesale,Badulla,Temperature,Raw Moving Avg Temp,1,-0.1009,1.8583898953516042e-06,-0.1593,4.095094888536242e-14,-0.0292,0.16831559821123088,2224,3.2734941275918165e-06,8.985808212559525e-14
Pettah-Wholesale,Badulla,Rainfall_Z,Seasonal Rain Anomaly Z,1,0.0067,0.7533693358348285,0.0793,0.00018276236463325758,0.0692,0.0010934448713317705,2224,0.7593013778492759,0.00021202642906093932
Pettah-Wholesale,Badulla,Temperature_Z,Seasonal Temp Anomaly Z,1,-0.0107,0.6155500242457294,-0.1,2.297402179349479e-06,-0.0397,0.06144614512649865,2224,0.633702974022413,2.8924670061318036e-06
Pettah-Wholesale,Badulla,Rainfall,Raw Cumulative Rain,3,0.0669,0.001609220985516913,0.1591,4.628177273587912e-14,0.0425,0.04535674063355691,2222,0.0021606323721625686,1.0040791373207673e-13
Pettah-Wholesale,Badulla,Temperature,Raw Moving Avg Temp,3,-0.1184,2.1681331556687953e-08,-0.1705,5.767506223960459e-16,-0.0256,0.22860025052873267,2222,4.8404833242838224e-08,1.410651203822176e-15
Pettah-Wholesale,Badulla,Rainfall_Z,Seasonal Rain Anomaly Z,3,0.0241,0.2564804158331338,0.1204,1.2562595985906667e-08,0.0423,0.04609991713313971,2222,0.28220194750694383,1.8135476911985567e-08
Pettah-Wholesale,Badulla,Temperature_Z,Seasonal Temp Anomaly Z,3,-0.0399,0.06007596636902823,-0.1244,3.9654465995152055e-09,-0.0445,0.035946699584225986,2222,0.06990657904759649,5.9714960557405444e-09
Pettah-Wholesale,Badulla,Rainfall,Raw Cumulative Rain,7,0.1127,1.021273741262588e-07,0.2063,9.468733590985325e-23,0.0426,0.04463893703642467,2218,2.0640479823412304e-07,3.635993698938365e-22
Pettah-Wholesale,Badulla,Temperature,Raw Moving Avg Temp,7,-0.1231,5.990993511460927e-09,-0.1541,2.892010854379717e-13,0.0051,0.8089787339155289,2218,1.4690968286113228e-08,6.002876584226008e-13
Pettah-Wholesale,Badulla,Rainfall_Z,Seasonal Rain Anomaly Z,7,0.0518,0.014726734428365229,0.1457,5.4430242511988816e-12,0.0363,0.08706357657419882,2218,0.018067303579847437,1.0000580442394118e-11
Pettah-Wholesale,Badulla,Temperature_Z,Seasonal Temp Anomaly Z,7,-0.0238,0.26183971208913825,-0.0941,8.985692356164638e-06,0.0296,0.16295113294558275,2218,0.2864571209180316,1.0988872180787328e-05
Pettah-Wholesale,Badulla,Rainfall,Raw Cumulative Rain,14,0.2264,4.3683075619511105e-27,0.2544,5.389920540551616e-34,0.0242,0.2561644280620016,2211,2.5036270205809352e-26,3.1359537690482134e-33
Pettah-Wholesale,Badulla,Temperature,Raw Moving Avg Temp,14,-0.1329,3.501581765810474e-10,-0.1305,7.213048146939624e-10,-0.0035,0.8680095970515516,2211,9.886819103464867e-10,1.163785919506225e-09
Pettah-Wholesale,Badulla,Rainfall_Z,Seasonal Rain Anomaly Z,14,0.1191,1.9165388513085137e-08,0.1821,6.1085450795769816e-18,0.0146,0.4916881479686464,2211,4.329123052367466e-08,1.68754051119249e-17
Pettah-Wholesale,Badulla,Temperature_Z,Seasonal Temp Anomaly Z,14,-0.0222,0.29720750451406,-0.0725,0.0006472122018907667,-0.0138,0.5165210185574662,2211,0.32239458116779385,0.0007309690750766306
Pettah-Wholesale,Badulla,Rainfall,Raw Cumulative Rain,21,0.2833,5.762549615956628e-42,0.2928,7.796806309460218e-45,0.0053,0.8034465870729132,2204,5.268616791731774e-41,5.870536515358281e-44
Pettah-Wholesale,Badulla,Temperature,Raw Moving Avg Temp,21,-0.1383,7.006624568017864e-11,-0.1102,2.1695065506200947e-07,0.0056,0.7924185578971875,2204,2.1043088794066464e-10,2.853049710404508e-07
Pettah-Wholesale,Badulla,Rainfall_Z,Seasonal Rain Anomaly Z,21,0.194,4.009909629541773e-20,0.2553,3.8106930974240768e-34,0.0095,0.6572312420978578,2204,1.855187105715712e-19,2.2512402298628394e-33
Pettah-Wholesale,Badulla,Temperature_Z,Seasonal Temp Anomaly Z,21,-0.024,0.2606075453302584,-0.0647,0.002369287480552823,0.0148,0.4874377968053441,2204,0.2859237068766264,0.0026294982443129597
Pettah-Wholesale,Badulla,Rainfall,Raw Cumulative Rain,30,0.2674,2.978926139299946e-37,0.3041,3.381582116703083e-48,-0.0392,0.06640217901370295,2195,2.1583162971531684e-36,3.019831471660428e-47
Pettah-Wholesale,Badulla,Temperature,Raw Moving Avg Temp,30,-0.1314,6.487610525861373e-10,-0.0831,9.711138367123678e-05,0.0067,0.7544005099013175,2195,1.7922607495904803e-09,0.00011545130442648581
Pettah-Wholesale,Badulla,Rainfall_Z,Seasonal Rain Anomaly Z,30,0.2228,4.3633703054458795e-26,0.327,7.101059946087996e-56,-0.0146,0.4950077033717857,2195,2.428310430856837e-25,9.089356730992635e-55
Pettah-Wholesale,Badulla,Temperature_Z,Seasonal Temp Anomaly Z,30,-0.023,0.28159038683740206,-0.064,0.0026912619908332123,0.001,0.9616408424303603,2195,0.3071895129135295,0.0029782265258788284
Pettah-Wholesale,Dambulla,Rainfall,Raw Cumulative Rain,1,0.0217,0.3056392212858498,0.0479,0.02380454602785846,0.067,0.001573582844092014,2224,0.3306069323204685,0.024839526289939264
Pettah-Wholesale,Dambulla,Temperature,Raw Moving Avg Temp,1,-0.127,1.8501388480143906e-09,-0.186,9.247850249505504e-19,-0.0407,0.05508835969245018,2224,4.933703594705042e-09,2.774355074851651e-18
Pettah-Wholesale,Dambulla,Rainfall_Z,Seasonal Rain Anomaly Z,1,0.0087,0.6825078759274635,0.0389,0.06660531916916838,0.0489,0.021029358138392674,2224,0.6944697337292949,0.06820384682922842
Pettah-Wholesale,Dambulla,Temperature_Z,Seasonal Temp Anomaly Z,1,-0.0547,0.009938809987997954,-0.1207,1.1442552885990949e-08,-0.0636,0.002690455633336189,2224,0.012472232141801353,1.6643713288714106e-08
Pettah-Wholesale,Dambulla,Rainfall,Raw Cumulative Rain,3,0.0768,0.0002920856812729871,0.1152,5.191962999151656e-08,0.0591,0.005352527917860873,2222,0.00041541074669935947,7.095066874285537e-08
Pettah-Wholesale,Dambulla,Temperature,Raw Moving Avg Temp,3,-0.153,4.213923932121727e-13,-0.2075,4.8296688407182404e-23,-0.0332,0.1179618205628579,2222,1.555910374937253e-12,1.8924416681998002e-22
Pettah-Wholesale,Dambulla,Rainfall_Z,Seasonal Rain Anomaly Z,3,0.067,0.0015703247991785498,0.1137,7.76437785297026e-08,0.0599,0.004764194343679428,2222,0.0021158060452089937,1.0535410231592155e-07
Pettah-Wholesale,Dambulla,Temperature_Z,Seasonal Temp Anomaly Z,3,-0.0986,3.25153722550364e-06,-0.1637,8.19633832167525e-15,-0.0561,0.008147723305542524,2222,5.599059617010752e-06,1.9067743778946246e-14
Pettah-Wholesale,Dambulla,Rainfall,Raw Cumulative Rain,7,0.1097,2.2403752575635165e-07,0.184,2.3952996731580622e-18,0.0423,0.04630921458969482,2218,4.3449701964868194e-07,6.864142346960418e-18
Pettah-Wholesale,Dambulla,Temperature,Raw Moving Avg Temp,7,-0.1441,9.298404779373272e-12,-0.1973,6.76864844961365e-21,0.0158,0.4562668420721395,2218,3.051784132717381e-11,2.300142481992603e-20
Pettah-Wholesale,Dambulla,Rainfall_Z,Seasonal Rain Anomaly Z,7,0.0617,0.003656944892640013,0.1526,4.929662376656356e-13,0.005,0.8156388773315225,2218,0.0047123048280998826,9.963107119137055e-13
Pettah-Wholesale,Dambulla,Temperature_Z,Seasonal Temp Anomaly Z,7,-0.0828,9.405797738609206e-05,-0.151,8.658373401248215e-13,0.0222,0.2949253746899068,2218,0.00014053798955742937,1.7227022725799557e-12
Pettah-Wholesale,Dambulla,Rainfall,Raw Cumulative Rain,14,0.2703,2.598331504572791e-38,0.2839,3.0148824209833507e-42,0.035,0.10037614726186868,2211,1.9955185955119036e-37,2.031078683609836e-41
Pettah-Wholesale,Dambulla,Temperature,Raw Moving Avg Temp,14,-0.1358,1.43251774753995e-10,-0.167,2.744929534645052e-15,0.0118,0.5783020256257111,2211,4.167324356479855e-10,6.466582461985889e-15
Pettah-Wholesale,Dambulla,Rainfall_Z,Seasonal Rain Anomaly Z,14,0.156,1.6413971344650486e-13,0.2121,6.459197489491545e-24,0.0246,0.24752125795434624,2211,6.17937744739783e-13,2.661579038168156e-23
Pettah-Wholesale,Dambulla,Temperature_Z,Seasonal Temp Anomaly Z,14,-0.1061,5.729657950796552e-07,-0.1463,4.834479216261547e-12,-0.002,0.9263556123994807,2211,1.0732627576126224e-06,8.968309270746059e-12
Pettah-Wholesale,Dambulla,Rainfall,Raw Cumulative Rain,21,0.3433,5.295120371730546e-62,0.367,3.197391920390231e-71,0.007,0.7432664479925949,2204,2.259251358605033e-60,5.338254336651516e-70
Pettah-Wholesale,Dambulla,Temperature,Raw Moving Avg Temp,21,-0.1008,2.106504153502233e-06,-0.1261,2.8365972012472534e-09,0.0241,0.2583280731868164,2204,3.693596323949121e-06,4.288398918421044e-09
Pettah-Wholesale,Dambulla,Rainfall_Z,Seasonal Rain Anomaly Z,21,0.2538,9.874553095988087e-34,0.3071,2.295756928694374e-49,0.0229,0.281874337003229,2204,6.771122122963259e-33,2.0989777633777134e-48
Pettah-Wholesale,Dambulla,Temperature_Z,Seasonal Temp Anomaly Z,21,-0.086,5.2689864388418356e-05,-0.1272,2.0517012736574605e-09,0.0208,0.3288526146617309,2204,8.028931716330417e-05,3.1264019408113685e-09
Pettah-Wholesale,Dambulla,Rainfall,Raw Cumulative Rain,30,0.3332,4.619585176592591e-58,0.39,1.2295514742463216e-80,-0.0443,0.0380276126151317,2195,1.1087004423822218e-56,2.950923538191172e-79
Pettah-Wholesale,Dambulla,Temperature,Raw Moving Avg Temp,30,-0.085,6.65665988548081e-05,-0.0864,5.091507512142474e-05,0.0045,0.8317284483688285,2195,0.00010063611795372563,6.10980901457097e-05
Pettah-Wholesale,Dambulla,Rainfall_Z,Seasonal Rain Anomaly Z,30,0.2972,5.201012131753361e-46,0.3758,1.4829863140234633e-74,-0.0299,0.16188936821064084,2195,5.706253310266544e-45,2.5884852026591362e-73
Pettah-Wholesale,Dambulla,Temperature_Z,Seasonal Temp Anomaly Z,30,-0.1065,5.766039926785806e-07,-0.1354,1.9019078944519292e-10,0.0003,0.9870156440534955,2195,1.0748346271290046e-06,3.1616131232447654e-10
Pettah-Wholesale,Nuwara Eliya,Rainfall,Raw Cumulative Rain,1,0.0299,0.1590576886499295,0.0304,0.1523098578666907,0.0747,0.00041991215936916987,2224,0.17964162482815565,0.1543192227461985
Pettah-Wholesale,Nuwara Eliya,Temperature,Raw Moving Avg Temp,1,-0.1082,3.155259655227108e-07,-0.1835,2.7261581275271024e-18,0.0098,0.6458040760482632,2224,6.027958744314475e-07,7.754405340521536e-18
Pettah-Wholesale,Nuwara Eliya,Rainfall_Z,Seasonal Rain Anomaly Z,1,0.0363,0.08674315656794643,0.0472,0.025901010614433263,0.0671,0.0015484956377044283,2224,0.09943096155848188,0.02695389722477608
Pettah-Wholesale,Nuwara Eliya,Temperature_Z,Seasonal Temp Anomaly Z,1,-0.1056,6.0715230972161e-07,-0.1494,1.4198262505061599e-12,-0.0036,0.8640736870573228,2224,1.1208965717937415e-06,2.7817004091549252e-12
Pettah-Wholesale,Nuwara Eliya,Rainfall,Raw Cumulative Rain,3,0.0582,0.006100001796132631,0.0978,3.842701426245073e-06,0.0292,0.1694768815901878,2222,0.007730695345593829,4.744686005395846e-06
Pettah-Wholesale,Nuwara Eliya,Temperature,Raw Moving Avg Temp,3,-0.1052,6.616734165034097e-07,-0.1815,6.637121124155612e-18,0.009,0.6724771758390286,2222,1.2157061815182263e-06,1.807556391259401e-17
Pettah-Wholesale,Nuwara Eliya,Rainfall_Z,Seasonal Rain Anomaly Z,3,0.0601,0.004587531689254152,0.1,2.3269569931019786e-06,0.0201,0.34313029202448486,2222,0.005872040562245314,2.9201028933044436e-06
Pettah-Wholesale,Nuwara Eliya,Temperature_Z,Seasonal Temp Anomaly Z,3,-0.116,4.134893439696527e-08,-0.1577,7.557837188476873e-14,-0.0038,0.8589948642611941,2222,8.7241707738652e-08,1.60343065214095e-13
Pettah-Wholesale,Nuwara Eliya,Rainfall,Raw Cumulative Rain,7,0.0915,1.6007162868133552e-05,0.1512,8.280039238887993e-13,0.0481,0.023505818545826482,2218,2.550518896831238e-05,1.6560078477775988e-12
Pettah-Wholesale,Nuwara Eliya,Temperature,Raw Moving Avg Temp,7,-0.091,1.76226703254425e-05,-0.1522,5.823674755361e-13,0.0464,0.028918574846217772,2218,2.7963245475082315e-05,1.170833039821269e-12
Pettah-Wholesale,Nuwara Eliya,Rainfall_Z,Seasonal Rain Anomaly Z,7,0.0624,0.0032612547316743863,0.124,4.650559008465502e-09,0.0175,0.4112903729709669,2218,0.004216571774286075,6.895037294404451e-09
Pettah-Wholesale,Nuwara Eliya,Temperature_Z,Seasonal Temp Anomaly Z,7,-0.1178,2.6446518782544634e-08,-0.1428,1.4160816604478009e-11,0.047,0.026766863803510395,2218,5.83647311063054e-08,2.5649781019431865e-11
Pettah-Wholesale,Nuwara Eliya,Rainfall,Raw Cumulative Rain,14,0.238,7.782871788111804e-30,0.2063,1.1337360957428865e-22,0.041,0.05395605846758591,2211,4.74384566132529e-29,4.310442185794737e-22
Pettah-Wholesale,Nuwara Eliya,Temperature,Raw Moving Avg Temp,14,-0.0499,0.018982719788415342,-0.0935,1.0657763913980695e-05,0.0122,0.5676411031460757,2211,0.023140839361115845,1.29923217237098e-05
Pettah-Wholesale,Nuwara Eliya,Rainfall_Z,Seasonal Rain Anomaly Z,14,0.1401,3.6334128688520266e-11,0.1416,2.288008505924963e-11,0.0316,0.1368466678028049,2211,1.1343337736903887e-10,4.067570677199935e-11
Pettah-Wholesale,Nuwara Eliya,Temperature_Z,Seasonal Temp Anomaly Z,14,-0.1198,1.5858412703680328e-08,-0.1264,2.4768137835984835e-09,-0.0084,0.6917484587154582,2211,3.6224114727477394e-08,3.759274675501255e-09
Pettah-Wholesale,Nuwara Eliya,Rainfall,Raw Cumulative Rain,21,0.3022,9.135746890426147e-48,0.2884,1.794135093335681e-43,0.0004,0.9853926267524045,2204,1.0630687290677699e-46,1.2526325015289118e-42
Pettah-Wholesale,Nuwara Eliya,Temperature,Raw Moving Avg Temp,21,-0.0163,0.44569489539939905,-0.0454,0.033191738359306375,0.0222,0.29803304658771473,2204,0.47278132550654484,0.034354791185912795
Pettah-Wholesale,Nuwara Eliya,Rainfall_Z,Seasonal Rain Anomaly Z,21,0.2214,7.025557029635772e-26,0.2145,2.3364561650619346e-24,0.009,0.671268838831727,2204,3.854019856257338e-25,1.00808895211661e-23
Pettah-Wholesale,Nuwara Eliya,Temperature_Z,Seasonal Temp Anomaly Z,21,-0.0922,1.469260190146032e-05,-0.1008,2.1400258738039516e-06,0.0331,0.12081463764421753,2204,2.350816304233651e-05,2.7031905774365703e-06
Pettah-Wholesale,Nuwara Eliya,Rainfall,Raw Cumulative Rain,30,0.2796,1.0783296526232049e-40,0.29,8.453853939340796e-44,-0.0386,0.07088689997185345,2195,9.41087696834797e-40,6.011629467975677e-43
Pettah-Wholesale,Nuwara Eliya,Temperature,Raw Moving Avg Temp,30,-0.0308,0.14941725387597768,-0.0392,0.06654859498024393,-0.0137,0.5220536626730059,2195,0.16925140262057647,0.06820384682922842
Pettah-Wholesale,Nuwara Eliya,Rainfall_Z,Seasonal Rain Anomaly Z,30,0.2235,2.920470364353539e-26,0.2422,1.1678859842186663e-30,-0.026,0.2232904569028627,2195,1.6492067939878807e-25,6.0603813235130794e-30
Pettah-Wholesale,Nuwara Eliya,Temperature_Z,Seasonal Temp Anomaly Z,30,-0.0978,4.466799868681152e-06,-0.1111,1.8161855006101646e-07,-0.0071,0.7386229031466885,2195,7.589606856520188e-06,2.4048801111527694e-07
