image_id,image_path,plant_part,disease_class,relevant_area_pixels,affected_area_pixels,affected_area_percentage,width,height,segmentation_ok
leaf_0001,data/severity_calibration/leaf/images/leaf_0001__30053_original_jpg.rf.0bd1afd1192102f6a49b2acc1ce59b7e.jpg,leaf,Early Blight,242465,89879,37.0689,512,512,True
leaf_0002,data/severity_calibration/leaf/images/leaf_0002__Early-Blight-764-_JPG.rf.5793216461d9d786dc75ffd5afb6365b.jpg,leaf,Early Blight,91972,50527,54.9374,512,512,True
leaf_0003,data/severity_calibration/leaf/images/leaf_0003__IMG20221006163237_jpg.rf.ba4245b0cd513ed661bb7f1bc1feea94.jpg,leaf,Early Blight,258047,55571,21.5352,512,512,True
leaf_0004,data/severity_calibration/leaf/images/leaf_0004__IMG_20221001_091637_jpg.rf.035dc56147433bb53df95a3d4c07882b.jpg,leaf,Early Blight,261901,107441,41.0235,512,512,True
leaf_0005,data/severity_calibration/leaf/images/leaf_0005__brown-spot-with-concentric-rings-leaf_jpg.rf.d0dbadf9e4bc21ed999333b49fdf7913.jpg,leaf,Early Blight,258786,86655,33.4852,512,512,True
leaf_0006,data/severity_calibration/leaf/images/leaf_0006__DSC03630_JPG.rf.4d4b6a0b1a3809f2793344411e987e78.jpg,leaf,Early Blight,133420,91218,68.3691,512,512,True
leaf_0007,data/severity_calibration/leaf/images/leaf_0007__DSC03632_JPG.rf.44703ba4140cc6088c4b847c384b8087.jpg,leaf,Early Blight,138261,80303,58.0807,512,512,True
leaf_0008,data/severity_calibration/leaf/images/leaf_0008__EB-20lesions1_opt_jpeg_jpg.rf.3b698335bdb54e9d232663d95a854734.jpg,leaf,Early Blight,236234,61119,25.8722,512,512,True
leaf_0009,data/severity_calibration/leaf/images/leaf_0009__Early-Blight-109-_JPG.rf.3b3dfd2273031a9a03649a50b526b4d5.jpg,leaf,Early Blight,105320,59076,56.0919,512,512,True
leaf_0010,data/severity_calibration/leaf/images/leaf_0010__Early-Blight-124-_JPG.rf.29d5c2ac2a13a7cdaf6b4f87eb4b8917.jpg,leaf,Early Blight,169470,79686,47.0207,512,512,True
leaf_0011,data/severity_calibration/leaf/images/leaf_0011__Early-Blight-141-_JPG.rf.3be394f2013514d62fb7f8b4c0d6761d.jpg,leaf,Early Blight,142186,48997,34.4598,512,512,True
leaf_0012,data/severity_calibration/leaf/images/leaf_0012__Early-Blight-196-_JPG.rf.1281473ec62bcb8899c13da293f3cdaf.jpg,leaf,Early Blight,107600,18413,17.1125,512,512,True
leaf_0013,data/severity_calibration/leaf/images/leaf_0013__Early-Blight-203-_JPG.rf.61494b684630dd23ecbc9d4d02fe0e40.jpg,leaf,Early Blight,140666,60176,42.7793,512,512,True
leaf_0014,data/severity_calibration/leaf/images/leaf_0014__Early-Blight-221-_JPG.rf.01a3ecb5a320f5bc09d2c901207b440d.jpg,leaf,Early Blight,119512,51075,42.7363,512,512,True
leaf_0015,data/severity_calibration/leaf/images/leaf_0015__Early-Blight-229-_JPG.rf.15d5f9d54a0b6177daf552bdd288e74f.jpg,leaf,Early Blight,140526,62692,44.6124,512,512,True
leaf_0016,data/severity_calibration/leaf/images/leaf_0016__Early-Blight-25-_JPG.rf.2b555119a92975649a4859f22c5f92a8.jpg,leaf,Early Blight,104419,78804,75.469,512,512,True
leaf_0017,data/severity_calibration/leaf/images/leaf_0017__Early-Blight-263-_JPG.rf.aaa88201b648e4e366aaf62de034934a.jpg,leaf,Early Blight,123349,51298,41.5877,512,512,True
leaf_0018,data/severity_calibration/leaf/images/leaf_0018__Early-Blight-29-_JPG.rf.aa83348dbbd9daaefff5b99b9cb4997a.jpg,leaf,Early Blight,138177,64997,47.0389,512,512,True
leaf_0019,data/severity_calibration/leaf/images/leaf_0019__Early-Blight-324-_JPG.rf.52d8ae81ff763d03f7ef9a250936e84b.jpg,leaf,Early Blight,101654,68777,67.6579,512,512,True
leaf_0020,data/severity_calibration/leaf/images/leaf_0020__Early-Blight-338-_JPG.rf.4cc9c26ea76a5852b2d3eebce6f4f71b.jpg,leaf,Early Blight,117912,35758,30.326,512,512,True
leaf_0021,data/severity_calibration/leaf/images/leaf_0021__Early-Blight-368-_JPG.rf.4906336b004c376df8dfa0c19d5e58e5.jpg,leaf,Early Blight,110641,88189,79.7073,512,512,True
leaf_0022,data/severity_calibration/leaf/images/leaf_0022__Early-Blight-383-_JPG.rf.a74976b979d5e89b9a4ad64f26ddd1cb.jpg,leaf,Early Blight,154509,38540,24.9435,512,512,True
leaf_0023,data/severity_calibration/leaf/images/leaf_0023__Early-Blight-408-_JPG.rf.a5359100b45b0de2413e6a7d547ea21a.jpg,leaf,Early Blight,155890,101854,65.3371,512,512,True
leaf_0024,data/severity_calibration/leaf/images/leaf_0024__Early-Blight-411-_JPG.rf.0067880aea87680abf579acf4b1761df.jpg,leaf,Early Blight,107412,61320,57.0886,512,512,True
leaf_0025,data/severity_calibration/leaf/images/leaf_0025__Early-Blight-473-_JPG.rf.4dd053a90c3675142f5fc1ab97f34220.jpg,leaf,Early Blight,111626,74745,66.9602,512,512,True
leaf_0026,data/severity_calibration/leaf/images/leaf_0026__Early-Blight-476-_JPG.rf.642d28e43c9256352e7eb2434209474b.jpg,leaf,Early Blight,158368,48265,30.4765,512,512,True
leaf_0027,data/severity_calibration/leaf/images/leaf_0027__Early-Blight-493-_JPG.rf.45466010e2197a38f5f892aa21db0b70.jpg,leaf,Early Blight,160245,96394,60.1541,512,512,True
leaf_0028,data/severity_calibration/leaf/images/leaf_0028__Early-Blight-5-_JPG.rf.6cc87da00d566e5ece71942f8ae65974.jpg,leaf,Early Blight,114777,85688,74.6561,512,512,True
leaf_0029,data/severity_calibration/leaf/images/leaf_0029__Early-Blight-501-_JPG.rf.18b93c00e53dbb6d9999f582b52a0b4f.jpg,leaf,Early Blight,144978,95088,65.5879,512,512,True
leaf_0030,data/severity_calibration/leaf/images/leaf_0030__Early-Blight-503-_JPG.rf.11b506ed649086feb3fa349f66d1172d.jpg,leaf,Early Blight,97326,40999,42.1254,512,512,True
leaf_0031,data/severity_calibration/leaf/images/leaf_0031__Early-Blight-514-_JPG.rf.95be796b13f322ab77893b3a7c262f4e.jpg,leaf,Early Blight,98409,40234,40.8845,512,512,True
leaf_0032,data/severity_calibration/leaf/images/leaf_0032__Early-Blight-55-_JPG.rf.2581ad1d24ec4ae2ab849ee720270118.jpg,leaf,Early Blight,122397,48169,39.3547,512,512,True
leaf_0033,data/severity_calibration/leaf/images/leaf_0033__Early-Blight-565-_JPG.rf.31bddfd9f77e5ceaebc173c7cb88c68c.jpg,leaf,Early Blight,119996,84827,70.6915,512,512,True
leaf_0034,data/severity_calibration/leaf/images/leaf_0034__Early-Blight-605-_JPG.rf.0f46e449871fff7c6713c702766cc1b0.jpg,leaf,Early Blight,123413,77320,62.6514,512,512,True
leaf_0035,data/severity_calibration/leaf/images/leaf_0035__Early-Blight-635-_JPG.rf.35819881f4dad941c0392a15d9b8219f.jpg,leaf,Early Blight,128577,96931,75.3875,512,512,True
leaf_0036,data/severity_calibration/leaf/images/leaf_0036__Early-Blight-648-_JPG.rf.2701b413906f1057091f74183785b003.jpg,leaf,Early Blight,107989,48252,44.6823,512,512,True
leaf_0037,data/severity_calibration/leaf/images/leaf_0037__Early-Blight-667-_JPG.rf.8047d9a181074cadf146681440762103.jpg,leaf,Early Blight,86354,59786,69.2336,512,512,True
leaf_0038,data/severity_calibration/leaf/images/leaf_0038__Early-Blight-721-_JPG.rf.5322d10baba6eec8806aa82915bff75d.jpg,leaf,Early Blight,98090,42010,42.828,512,512,True
leaf_0039,data/severity_calibration/leaf/images/leaf_0039__Early-Blight-727-_JPG.rf.723fa4f854b8f77da2c014cc3796fc53.jpg,leaf,Early Blight,115840,81470,70.3298,512,512,True
leaf_0040,data/severity_calibration/leaf/images/leaf_0040__Early-Blight-729-_JPG.rf.052b9d22b6e156803a2e7ce6b037083c.jpg,leaf,Early Blight,139077,128598,92.4653,512,512,True
leaf_0041,data/severity_calibration/leaf/images/leaf_0041__Early-Blight-741-_JPG.rf.27c264522e145e08173e36b76a3bce73.jpg,leaf,Early Blight,141724,99496,70.2041,512,512,True
leaf_0042,data/severity_calibration/leaf/images/leaf_0042__Early-Blight-749-_JPG.rf.c50b86a0593510a832e3b6cd1c250c60.jpg,leaf,Early Blight,111235,62221,55.9365,512,512,True
leaf_0043,data/severity_calibration/leaf/images/leaf_0043__Early-Blight-772-_JPG.rf.4dd9bb63ef739666377d615597ab7238.jpg,leaf,Early Blight,171804,34280,19.953,512,512,True
leaf_0044,data/severity_calibration/leaf/images/leaf_0044__Early-Blight-83-_JPG.rf.4839d0346c8134a92ddf18d194986271.jpg,leaf,Early Blight,121574,41941,34.4983,512,512,True
leaf_0045,data/severity_calibration/leaf/images/leaf_0045__Early-Blight-919-_JPG.rf.4f79b162e5d7903d2c8de4cff5fece6d.jpg,leaf,Early Blight,89722,87896,97.9648,512,512,True
leaf_0046,data/severity_calibration/leaf/images/leaf_0046__Early-bligh_t_jpg.rf.24fb0f4ba87cfb0dfbe972b972775c26.jpg,leaf,Early Blight,168975,123245,72.9368,512,512,True
leaf_0047,data/severity_calibration/leaf/images/leaf_0047__IMG20221006151341_jpg.rf.5411d52cd41ce8d2056a06cd45c0648e.jpg,leaf,Early Blight,218099,159472,73.1191,512,512,True
leaf_0048,data/severity_calibration/leaf/images/leaf_0048__IMG20221006160824_jpg.rf.298af53ec2b5c6d513a5b9d4c4b02981.jpg,leaf,Early Blight,233989,81405,34.7901,512,512,True
leaf_0049,data/severity_calibration/leaf/images/leaf_0049__IMG20221006161431_jpg.rf.46314d912d53155d25a371b25c341832.jpg,leaf,Early Blight,227313,137187,60.3516,512,512,True
leaf_0050,data/severity_calibration/leaf/images/leaf_0050__IMG20221006163348_jpg.rf.260773e251bce594e40f8ea3d4a4a686.jpg,leaf,Early Blight,241693,80787,33.4255,512,512,True
leaf_0051,data/severity_calibration/leaf/images/leaf_0051__IMG_20220928_165113_jpg.rf.2403219f183c786ab849a7d9afa4571d.jpg,leaf,Early Blight,183394,175571,95.7343,512,512,True
leaf_0052,data/severity_calibration/leaf/images/leaf_0052__IMG_20220928_165635_jpg.rf.793bbc9b73f4e44d7409cf3834a19eab.jpg,leaf,Early Blight,170022,157583,92.6839,512,512,True
leaf_0053,data/severity_calibration/leaf/images/leaf_0053__IMG_20221001_085531_jpg.rf.20f208730769d4c4af59f2c285780ce5.jpg,leaf,Early Blight,237537,195619,82.3531,512,512,True
leaf_0054,data/severity_calibration/leaf/images/leaf_0054__IMG_20221001_090923_jpg.rf.5019ad0e33de3be1f66149747714ad77.jpg,leaf,Early Blight,231429,162436,70.1883,512,512,True
leaf_0055,data/severity_calibration/leaf/images/leaf_0055__Potato-Blight-on-Leaves_jpg.rf.02ead0bebe609258a8ba9e8c46829966.jpg,leaf,Early Blight,223816,152653,68.2047,512,512,True
leaf_0056,data/severity_calibration/leaf/images/leaf_0056__a_solani_jpg.rf.06abf93e009f63b2e3f1371c053cad31.jpg,leaf,Early Blight,161927,54421,33.6084,512,512,True
leaf_0057,data/severity_calibration/leaf/images/leaf_0057__backus-045-potato-blight_jpg.rf.103b39ac3d69f2e38a30f68796558822.jpg,leaf,Early Blight,227053,121312,53.4289,512,512,True
leaf_0058,data/severity_calibration/leaf/images/leaf_0058__blog_early_blight_628_jpg.rf.78b9f8d21c0c7c4821fb5cb21e2975ce.jpg,leaf,Early Blight,223825,127583,57.0012,512,512,True
leaf_0059,data/severity_calibration/leaf/images/leaf_0059__comparing-diseases-4-canker-tomato-1y51ejs_jpg.rf.0662a03b578c49f55572e1bedbcf14d7.jpg,leaf,Early Blight,210142,78472,37.3424,512,512,True
leaf_0060,data/severity_calibration/leaf/images/leaf_0060__fi000294_jpg.rf.a29de20f3e32951db10041d77d718f06.jpg,leaf,Early Blight,250244,115342,46.0918,512,512,True
leaf_0061,data/severity_calibration/leaf/images/leaf_0061__home-design_jpg.rf.34e8aa5c9b95a9ef0fdc17919ec94c7d.jpg,leaf,Early Blight,218081,31844,14.6019,512,512,True
leaf_0062,data/severity_calibration/leaf/images/leaf_0062__maxresdefault_jpg.rf.32b8488e6cd760aec3729096298fdbed.jpg,leaf,Early Blight,172487,139418,80.8281,512,512,True
leaf_0063,data/severity_calibration/leaf/images/leaf_0063__potato-blight-damage-on-leaves-caused-by-fungus-phytophthora-picture-id505322893_jpg.rf.5d224d8b2c8e6a4116b293fee0a3c768.jpg,leaf,Early Blight,231897,41082,17.7156,512,512,True
leaf_0064,data/severity_calibration/leaf/images/leaf_0064__tomato_D2b-Early-blight-RPitblado_zoom_jpg.rf.3d74b1d3e70fcf5af52c2b62419c0006.jpg,leaf,Early Blight,238356,225189,94.4759,512,512,True
leaf_0065,data/severity_calibration/leaf/images/leaf_0065__Early-Blight-526-_JPG.rf.59be70bc69e1530baea73bcff16634d8.jpg,leaf,Early Blight,135740,73757,54.337,512,512,True
leaf_0066,data/severity_calibration/leaf/images/leaf_0066__Early-Blight-731-_JPG.rf.e743363867b8697783ac815a61e51e57.jpg,leaf,Early Blight,132012,111777,84.6718,512,512,True
leaf_0067,data/severity_calibration/leaf/images/leaf_0067__Early-Blight-85-_JPG.rf.3be0e86dc40b11198f7d3a37c4447fb6.jpg,leaf,Early Blight,107609,83568,77.6589,512,512,True
leaf_0068,data/severity_calibration/leaf/images/leaf_0068__Early-Blight-909-_JPG.rf.deb1b9636442a78c61bab47492faf8d8.jpg,leaf,Early Blight,136906,52342,38.2321,512,512,True
leaf_0069,data/severity_calibration/leaf/images/leaf_0069__Early-Blight-923-_JPG.rf.0ccb39dd4a91176714f0a042dec40efe.jpg,leaf,Early Blight,120401,46652,38.7472,512,512,True
leaf_0070,data/severity_calibration/leaf/images/leaf_0070__IMG20221006154546_jpg.rf.d786ac39531d328f9649e1a60f281f62.jpg,leaf,Early Blight,259649,221273,85.22,512,512,True
leaf_0071,data/severity_calibration/leaf/images/leaf_0071__MPC105550_jpg_rendition_largest_ss_jpg.rf.c0895bb71fa36ac4028326ffda886bfa.jpg,leaf,Early Blight,245128,175316,71.5202,512,512,True
leaf_0072,data/severity_calibration/leaf/images/leaf_0072__potato-early-blight-alternaria-alternata-discreet-lesions-on-a-potato-BY651F_jpg_rf_eb0896a66be2c6acf481fb42731f0b23-3sZ0Ci7Ha-transformed_jpeg.rf.f8c8d96f230ff13a9f5c4def0bc37b13.jpg,leaf,Early Blight,208247,27997,13.4441,512,512,True
leaf_0073,data/severity_calibration/leaf/images/leaf_0073__636368370164094909-late-blight-15-_jpg.rf.f3cc1a0a2aa8ae0ea9c456bb03e65273.jpg,leaf,Late Blight,256101,117937,46.051,512,512,True
leaf_0074,data/severity_calibration/leaf/images/leaf_0074__70_jpg.rf.13a9d577d2f7d156fad77bfaf7fa6c9f.jpg,leaf,Late Blight,229529,146741,63.9314,512,512,True
leaf_0075,data/severity_calibration/leaf/images/leaf_0075__Late-Blight-149-_JPG.rf.03553519ecc467a2e4a320cbaf6d5356.jpg,leaf,Late Blight,99063,22629,22.843,512,512,True
leaf_0076,data/severity_calibration/leaf/images/leaf_0076__Late-Blight-313-_JPG.rf.aed9142cdacbebbcc91db0176ca9ef05.jpg,leaf,Late Blight,96051,94580,98.4685,512,512,True
leaf_0077,data/severity_calibration/leaf/images/leaf_0077__FS547-6-big_jpg.rf.53e32988842e7596b50556fc151c038e.jpg,leaf,Late Blight,142986,140719,98.4145,512,512,True
leaf_0078,data/severity_calibration/leaf/images/leaf_0078__Late-Blight-1001-_JPG.rf.c4ea25dfe50a66672e2ab0a6285cfad4.jpg,leaf,Late Blight,133961,53354,39.828,512,512,True
leaf_0079,data/severity_calibration/leaf/images/leaf_0079__Late-Blight-1016-_JPG.rf.159cd6137358275e33459e0e10e16acb.jpg,leaf,Late Blight,40509,13964,34.4714,512,512,True
leaf_0080,data/severity_calibration/leaf/images/leaf_0080__Late-Blight-1046-_JPG.rf.6410fb8e3dcb00328ca63c6228c6190b.jpg,leaf,Late Blight,61968,25268,40.7759,512,512,True
leaf_0081,data/severity_calibration/leaf/images/leaf_0081__Late-Blight-1080-_JPG.rf.185baad435d7113181d39395b8ec4cb2.jpg,leaf,Late Blight,157056,139348,88.725,512,512,True
leaf_0082,data/severity_calibration/leaf/images/leaf_0082__Late-Blight-135-_JPG.rf.391927b4ad720a1acafe974b9ce0e52b.jpg,leaf,Late Blight,133727,50260,37.584,512,512,True
leaf_0083,data/severity_calibration/leaf/images/leaf_0083__Late-Blight-146-_JPG.rf.06ba2de6cad27869bae90e527b116eba.jpg,leaf,Late Blight,56148,12904,22.9821,512,512,True
leaf_0084,data/severity_calibration/leaf/images/leaf_0084__Late-Blight-190-_JPG.rf.22c7fd0e9cbcbd8a0693b6028021b814.jpg,leaf,Late Blight,35394,28630,80.8894,512,512,True
leaf_0085,data/severity_calibration/leaf/images/leaf_0085__Late-Blight-217-_JPG.rf.29a4e4a5958dbfdfd6bfb1b9bb9cd74b.jpg,leaf,Late Blight,50076,44864,89.5918,512,512,True
leaf_0086,data/severity_calibration/leaf/images/leaf_0086__Late-Blight-242-_JPG.rf.3ffa08034d4ec4dd9d16a1d8df007790.jpg,leaf,Late Blight,184207,155692,84.5201,512,512,True
leaf_0087,data/severity_calibration/leaf/images/leaf_0087__Late-Blight-257-_JPG.rf.1e77381204855594743e5ad56bc16d4c.jpg,leaf,Late Blight,33702,33306,98.825,512,512,True
leaf_0088,data/severity_calibration/leaf/images/leaf_0088__Late-Blight-272-_JPG.rf.01853a85b97574c795f79f2402976a12.jpg,leaf,Late Blight,51686,7526,14.561,512,512,True
leaf_0089,data/severity_calibration/leaf/images/leaf_0089__Late-Blight-336x437_jpg.rf.0f46ac5b2c39916c00fd57b1dd5af027.jpg,leaf,Late Blight,231565,124802,53.895,512,512,True
leaf_0090,data/severity_calibration/leaf/images/leaf_0090__Late-Blight-359-_JPG.rf.11224ff34ac95e528e16d81ec42ee890.jpg,leaf,Late Blight,86105,17615,20.4576,512,512,True
leaf_0091,data/severity_calibration/leaf/images/leaf_0091__Late-Blight-382-_JPG.rf.40e15d822e7de2ae472316165b073c2d.jpg,leaf,Late Blight,177683,159145,89.5668,512,512,True
leaf_0092,data/severity_calibration/leaf/images/leaf_0092__Late-Blight-392-_JPG.rf.37d7fcddfdfa60a03281b9f36e186764.jpg,leaf,Late Blight,54422,48746,89.5704,512,512,True
leaf_0093,data/severity_calibration/leaf/images/leaf_0093__Late-Blight-462-_JPG.rf.39c87fa996da629fd46fdb00ccfbe27d.jpg,leaf,Late Blight,97268,92739,95.3438,512,512,True
leaf_0094,data/severity_calibration/leaf/images/leaf_0094__Late-Blight-475-_JPG.rf.056a9c293160e6aab1f88a102ec5b7e0.jpg,leaf,Late Blight,99752,12264,12.2945,512,512,True
leaf_0095,data/severity_calibration/leaf/images/leaf_0095__Late-Blight-526-_JPG.rf.48909290f9dc3bc9dc69476f4be099b8.jpg,leaf,Late Blight,81738,13681,16.7376,512,512,True
leaf_0096,data/severity_calibration/leaf/images/leaf_0096__Late-Blight-529-_JPG.rf.13e98e84460aeb76fd6ddf9df2395e41.jpg,leaf,Late Blight,107905,76207,70.6242,512,512,True
leaf_0097,data/severity_calibration/leaf/images/leaf_0097__Late-Blight-534-_JPG.rf.1ab8b7dd7d9e7c97374cb355c246692a.jpg,leaf,Late Blight,118587,86498,72.9405,512,512,True
leaf_0098,data/severity_calibration/leaf/images/leaf_0098__Late-Blight-545-_JPG.rf.7b8a6dd7b3102673c070d1f784c14442.jpg,leaf,Late Blight,55388,24720,44.6306,512,512,True
leaf_0099,data/severity_calibration/leaf/images/leaf_0099__Late-Blight-589-_JPG.rf.1790938e1e42a24fd4edb4b1d38e6499.jpg,leaf,Late Blight,72100,32725,45.3883,512,512,True
leaf_0100,data/severity_calibration/leaf/images/leaf_0100__Late-Blight-590-_JPG.rf.05b14624b141cb63a06e4c4b714094cc.jpg,leaf,Late Blight,126059,119361,94.6866,512,512,True
leaf_0101,data/severity_calibration/leaf/images/leaf_0101__Late-Blight-721-_JPG.rf.43cf5fbfbd9e5d6d4afbe6e2b2521f17.jpg,leaf,Late Blight,126058,81488,64.6433,512,512,True
leaf_0102,data/severity_calibration/leaf/images/leaf_0102__Late-Blight-763-_JPG.rf.1ba0a7e77b552cd97c0244a1fa91f270.jpg,leaf,Late Blight,115984,88589,76.3804,512,512,True
leaf_0103,data/severity_calibration/leaf/images/leaf_0103__Late-Blight-769-_JPG.rf.55bde0d1fc39c54f9c46d00f2a483cee.jpg,leaf,Late Blight,112654,23795,21.1222,512,512,True
leaf_0104,data/severity_calibration/leaf/images/leaf_0104__Late-Blight-770-_JPG.rf.66f0155004bcb951afd2c96db45aa263.jpg,leaf,Late Blight,136662,94829,69.3894,512,512,True
leaf_0105,data/severity_calibration/leaf/images/leaf_0105__Late-Blight-776-_JPG.rf.6206808ff66b93fab165df7a034a27e5.jpg,leaf,Late Blight,151996,111725,73.5052,512,512,True
leaf_0106,data/severity_calibration/leaf/images/leaf_0106__Late-Blight-793-_JPG.rf.0d1bc7a134329ddad01db358e5351799.jpg,leaf,Late Blight,66309,62631,94.4532,512,512,True
leaf_0107,data/severity_calibration/leaf/images/leaf_0107__Late-Blight-798-_JPG.rf.4bebaac717144e33cce674b34213dd08.jpg,leaf,Late Blight,123385,52661,42.6802,512,512,True
leaf_0108,data/severity_calibration/leaf/images/leaf_0108__Late-Blight-801-_JPG.rf.024f1d4128677d0d8f0b4519f2b036f6.jpg,leaf,Late Blight,156452,100944,64.5207,512,512,True
leaf_0109,data/severity_calibration/leaf/images/leaf_0109__Late-Blight-802-_JPG.rf.3ca0e8bbc6479b128e14a10aec391766.jpg,leaf,Late Blight,114148,54210,47.491,512,512,True
leaf_0110,data/severity_calibration/leaf/images/leaf_0110__Late-Blight-829-_JPG.rf.81360594d531878f6b8780dcf239bd2e.jpg,leaf,Late Blight,60849,46105,75.7695,512,512,True
leaf_0111,data/severity_calibration/leaf/images/leaf_0111__Late-Blight-837-_jpg.rf.0ecee600328ebaa720bbfda19794145d.jpg,leaf,Late Blight,72526,26382,36.3759,512,512,True
leaf_0112,data/severity_calibration/leaf/images/leaf_0112__Late-Blight-852-_JPG.rf.066f2725c1bb4ecffc2989313d5fc7e3.jpg,leaf,Late Blight,65107,36937,56.7328,512,512,True
leaf_0113,data/severity_calibration/leaf/images/leaf_0113__Late-Blight-861-_JPG.rf.2198cddd53ed3d97f2c49bffbd064197.jpg,leaf,Late Blight,74974,48037,64.0715,512,512,True
leaf_0114,data/severity_calibration/leaf/images/leaf_0114__Late-Blight-863-_JPG.rf.d11fc320676a7778bce394ccf6493f5f.jpg,leaf,Late Blight,160335,67533,42.1199,512,512,True
leaf_0115,data/severity_calibration/leaf/images/leaf_0115__Late-Blight-869-_JPG.rf.0c3d0f27b393c0a1334806d139918a8b.jpg,leaf,Late Blight,76836,30064,39.1275,512,512,True
leaf_0116,data/severity_calibration/leaf/images/leaf_0116__Late-Blight-914-_JPG.rf.9754282d2b1d14a45ed7327548cde9c9.jpg,leaf,Late Blight,87418,20160,23.0616,512,512,True
leaf_0117,data/severity_calibration/leaf/images/leaf_0117__Late-Blight-938-_JPG.rf.0e5cd3b2f163b86c2881b86d629a38a7.jpg,leaf,Late Blight,176999,125908,71.1349,512,512,True
leaf_0118,data/severity_calibration/leaf/images/leaf_0118__Late-Blight-987-_JPG.rf.688c5426c44a5b8041900877471df64f.jpg,leaf,Late Blight,104462,60901,58.2997,512,512,True
leaf_0119,data/severity_calibration/leaf/images/leaf_0119__Late-blight-infected-potato-plants_2_jpg.rf.33469d647e200884fd4508373ffc06ca.jpg,leaf,Late Blight,229307,201673,87.9489,512,512,True
leaf_0120,data/severity_calibration/leaf/images/leaf_0120__Late_blight_on_potato_leaf_3-58bcf5055f9b58af5c27bf74_jpg.rf.1b56c2028aa3c3aaffe953a248c519a9.jpg,leaf,Late Blight,228555,79667,34.8568,512,512,True
leaf_0121,data/severity_calibration/leaf/images/leaf_0121__Late_blight_on_tomato_leaf_-287871756748-29_jpg.rf.26e3321a2d38406ac0f9093f80d6b81e.jpg,leaf,Late Blight,233475,100218,42.9245,512,512,True
leaf_0122,data/severity_calibration/leaf/images/leaf_0122__Tomato-leaf-late-blight-99-transformed_jpeg.rf.077fde39b04cf67d33dfa0fcfcff0027.jpg,leaf,Late Blight,163895,76065,46.4108,512,512,True
leaf_0123,data/severity_calibration/leaf/images/leaf_0123__TomatoLateBlightTop_jpg.rf.88ac215b0c3649c4ffee66a0b0342fd3.jpg,leaf,Late Blight,95218,48018,50.4295,512,512,True
leaf_0124,data/severity_calibration/leaf/images/leaf_0124__lateblightleaf_jpg.rf.04cdafa82e0aa27cbe086d5a6b8e2d1c.jpg,leaf,Late Blight,108532,47025,43.3282,512,512,True
leaf_0125,data/severity_calibration/leaf/images/leaf_0125__photo-2_jpg.rf.3342ba994354a547777973e9fc0ca93f.jpg,leaf,Late Blight,207897,99735,47.9733,512,512,True
leaf_0126,data/severity_calibration/leaf/images/leaf_0126__potatolb_branchx500_jpg.rf.47aa1a10b4a950962210bed4f98c1e11.jpg,leaf,Late Blight,92903,2774,2.9859,512,512,True
leaf_0127,data/severity_calibration/leaf/images/leaf_0127__potatolb_symptoms_meg-cornell_300x225_jpg.rf.5026ff0749d8cf4ca433adfb85f16401.jpg,leaf,Late Blight,119238,12563,10.5361,512,512,True
leaf_0128,data/severity_calibration/leaf/images/leaf_0128__5816740026_d42ef24413_Phytophthora-Infestans_jpg.rf.c92ebe63d4d3d8efb8f27aefe03c6677.jpg,leaf,Late Blight,243796,163244,66.9593,512,512,True
leaf_0129,data/severity_calibration/leaf/images/leaf_0129__Late-Blight-106-_JPG.rf.b921d9412db731bc392bccb17ec14bae.jpg,leaf,Late Blight,134606,107900,80.1599,512,512,True
leaf_0130,data/severity_calibration/leaf/images/leaf_0130__Late-Blight-1070-_JPG.rf.ab5c699bddca1b692c5d58777e8c7868.jpg,leaf,Late Blight,157380,42643,27.0956,512,512,True
leaf_0131,data/severity_calibration/leaf/images/leaf_0131__Late-Blight-319-_JPG.rf.a568c7b77e645a89e7f19176c3367ac7.jpg,leaf,Late Blight,46640,44804,96.0635,512,512,True
leaf_0132,data/severity_calibration/leaf/images/leaf_0132__Late-Blight-346-_JPG.rf.7e0a046b3b806b0e650d8f78f22cd5c6.jpg,leaf,Late Blight,164011,127081,77.4832,512,512,True
leaf_0133,data/severity_calibration/leaf/images/leaf_0133__Late-Blight-416-_JPG.rf.acf6adba1b163fae7b48ba33161d3209.jpg,leaf,Late Blight,51696,8315,16.0844,512,512,True
leaf_0134,data/severity_calibration/leaf/images/leaf_0134__Late-Blight-507-_JPG.rf.f53c56e04fb40a1b83eae03646437912.jpg,leaf,Late Blight,148483,80523,54.2305,512,512,True
leaf_0135,data/severity_calibration/leaf/images/leaf_0135__Late-Blight-625-_JPG.rf.d7b285bd00a312d57e0e01234e842c1b.jpg,leaf,Late Blight,80070,49208,61.4562,512,512,True
leaf_0136,data/severity_calibration/leaf/images/leaf_0136__Late-Blight-795-_JPG.rf.b0c0a0c832fac79a6eb6d7a58b3c3722.jpg,leaf,Late Blight,97989,57423,58.6015,512,512,True
leaf_0137,data/severity_calibration/leaf/images/leaf_0137__Late-Blight-880-_JPG.rf.5127e1c35e08173f7388041748dd295e.jpg,leaf,Late Blight,125709,91178,72.531,512,512,True
leaf_0138,data/severity_calibration/leaf/images/leaf_0138__Late-Blight-923-_JPG.rf.2261c88d4570a0e12dd3e14de88f9498.jpg,leaf,Late Blight,136822,125676,91.8536,512,512,True
leaf_0139,data/severity_calibration/leaf/images/leaf_0139__Late-blight-tomato-leaf-VikramBisht-MBag_jpg.rf.8962423983515f9f24e803abe08bb9c7.jpg,leaf,Late Blight,256842,188627,73.4409,512,512,True
leaf_0140,data/severity_calibration/leaf/images/leaf_0140__Lb69_JPG.rf.03160dc15620e1ecf2c7bcd01d3c62d1.jpg,leaf,Late Blight,258349,1011,0.3913,512,512,True
leaf_0141,data/severity_calibration/leaf/images/leaf_0141__potato-late-blight-phytophthora-infestans-lesions-on-potato-foliage-X4XJF4_jpg_rf_509d83cb3c5976367afdfa8aaa3a7cc0-transformed_jpeg.rf.48d00dc60f1fefc6b689b7b5acd4b41a.jpg,leaf,Late Blight,232577,127170,54.6787,512,512,True
leaf_0142,data/severity_calibration/leaf/images/leaf_0142__WhatsApp-Image-2023-02-21-at-16-55-36_jpeg.rf.62f9ff60025b3695a662aed016f89572.jpg,leaf,Leaf Miner,219641,11338,5.1621,512,512,True
leaf_0143,data/severity_calibration/leaf/images/leaf_0143__leaf-miner-flies-tomato-3_jpg.rf.1d26b081e5ac380007a547e0dc566f8e.jpg,leaf,Leaf Miner,248964,56110,22.5374,512,512,True
leaf_0144,data/severity_calibration/leaf/images/leaf_0144__IMG_0024_JPEG.rf.2285c10e124c9876f60574adc08ce162.jpg,leaf,Leaf Miner,119545,46108,38.5696,512,512,True
leaf_0145,data/severity_calibration/leaf/images/leaf_0145__IMG_20221123_122840_8_jpg.rf.097255235b194693ca35a21410dd4c29.jpg,leaf,Leaf Miner,225146,83503,37.0884,512,512,True
leaf_0146,data/severity_calibration/leaf/images/leaf_0146__IMG_20221123_122855_18_jpg.rf.50c75666eb523663c487cda1823857a3.jpg,leaf,Leaf Miner,234447,91858,39.1807,512,512,True
leaf_0147,data/severity_calibration/leaf/images/leaf_0147__IMG_20221123_122855_6_jpg.rf.6d4a381b0f4de59aa5efe230f39ef7ad.jpg,leaf,Leaf Miner,199282,124403,62.4256,512,512,True
leaf_0148,data/severity_calibration/leaf/images/leaf_0148__IMG_20221123_122917_10_jpg.rf.64748650ddb04951be18c256dd5f3156.jpg,leaf,Leaf Miner,228728,92622,40.4944,512,512,True
leaf_0149,data/severity_calibration/leaf/images/leaf_0149__IMG_20221123_122952_1_jpg.rf.b60d378b854cc5726b731fec9f66332f.jpg,leaf,Leaf Miner,249159,75417,30.2686,512,512,True
leaf_0150,data/severity_calibration/leaf/images/leaf_0150__IMG_20221123_123034_20_jpg.rf.5715074327466d47645ec8f1d18413f3.jpg,leaf,Leaf Miner,236755,115644,48.8454,512,512,True
leaf_0151,data/severity_calibration/leaf/images/leaf_0151__IMG_20221123_123104_9_jpg.rf.0da8fcc2d85ecf0d7abb4882a87a564d.jpg,leaf,Leaf Miner,219102,145837,66.5612,512,512,True
leaf_0152,data/severity_calibration/leaf/images/leaf_0152__IMG_20221123_123112_12_jpg.rf.33d38ea6b3e453b98548445806152f3d.jpg,leaf,Leaf Miner,230852,52151,22.5907,512,512,True
leaf_0153,data/severity_calibration/leaf/images/leaf_0153__IMG_20221123_123112_32_jpg.rf.2177ab69c74ea59f48dfc4661765d40c.jpg,leaf,Leaf Miner,210298,77081,36.6532,512,512,True
leaf_0154,data/severity_calibration/leaf/images/leaf_0154__IMG_20221231_102218_jpg.rf.97bcddbfdb473292bc7119ad14a0ff9f.jpg,leaf,Leaf Miner,244519,22483,9.1948,512,512,True
leaf_0155,data/severity_calibration/leaf/images/leaf_0155__IMG_20221231_102229_jpg.rf.2576fc9be97812b80d5e8f505918f3b3.jpg,leaf,Leaf Miner,232660,36816,15.8239,512,512,True
leaf_0156,data/severity_calibration/leaf/images/leaf_0156__IMG_20221231_102240_jpg.rf.24680c82a0593a69194d14ee5a360b5b.jpg,leaf,Leaf Miner,226154,25270,11.1738,512,512,True
leaf_0157,data/severity_calibration/leaf/images/leaf_0157__IMG_20221231_102244_jpg.rf.1224d899736ac3beb05dad5662905112.jpg,leaf,Leaf Miner,217573,19650,9.0315,512,512,True
leaf_0158,data/severity_calibration/leaf/images/leaf_0158__IMG_9902_JPEG.rf.1ca3f39257e65b79bba775c684180b92.jpg,leaf,Leaf Miner,119347,35535,29.7745,512,512,True
leaf_0159,data/severity_calibration/leaf/images/leaf_0159__Leaf-Miner-10-_jpg.rf.20a8c10011392184cc80f81cdf9ad1b2.jpg,leaf,Leaf Miner,206554,75338,36.4738,512,512,True
leaf_0160,data/severity_calibration/leaf/images/leaf_0160__Leaf-Miner-11-transformed_jpeg.rf.04a8f00959a1a98998ca973bb593a949.jpg,leaf,Leaf Miner,202290,48624,24.0368,512,512,True
leaf_0161,data/severity_calibration/leaf/images/leaf_0161__Leaf-Miner-13-_jpg.rf.31f9a268a797d5b6da134badd63f68a4.jpg,leaf,Leaf Miner,188710,72522,38.4304,512,512,True
leaf_0162,data/severity_calibration/leaf/images/leaf_0162__Leaf-Miner-16-_jpg.rf.61edde41f408ee366379dbbf085efa97.jpg,leaf,Leaf Miner,217225,10500,4.8337,512,512,True
leaf_0163,data/severity_calibration/leaf/images/leaf_0163__Leaf-Miner-17-_jpg.rf.1a87a58e15d57f7516171fba79ca137a.jpg,leaf,Leaf Miner,237456,25644,10.7995,512,512,True
leaf_0164,data/severity_calibration/leaf/images/leaf_0164__Leaf-Miner-19-_jpg.rf.40597757982744f49a96e86012ebccfe.jpg,leaf,Leaf Miner,228553,30069,13.1562,512,512,True
leaf_0165,data/severity_calibration/leaf/images/leaf_0165__Leaf-Miner-20-_jpg.rf.19c92c519d2f274ed86d8a46f4d93998.jpg,leaf,Leaf Miner,212103,14291,6.7378,512,512,True
leaf_0166,data/severity_calibration/leaf/images/leaf_0166__Leaf-Miner-25-_jpg.rf.1201747e639f796bffb319546b50125c.jpg,leaf,Leaf Miner,239296,3794,1.5855,512,512,True
leaf_0167,data/severity_calibration/leaf/images/leaf_0167__Leaf-Miner-27-_jpg.rf.3d3dd84d918678e12bc4c4471f021b9d.jpg,leaf,Leaf Miner,195272,43877,22.4697,512,512,True
leaf_0168,data/severity_calibration/leaf/images/leaf_0168__Leaf-Miner-28-_jpg.rf.3055ba4b26eb1b807d4229260b29a413.jpg,leaf,Leaf Miner,224262,147391,65.7227,512,512,True
leaf_0169,data/severity_calibration/leaf/images/leaf_0169__Leaf-Miner-5-_jpg.rf.336e1560c1d1c047de055ea745e592e4.jpg,leaf,Leaf Miner,115635,50171,43.3874,512,512,True
leaf_0170,data/severity_calibration/leaf/images/leaf_0170__Leaf-Miner-50-transformed_jpeg.rf.6cf07c1f9fdbbc000a4a3eec1ce78357.jpg,leaf,Leaf Miner,105322,23203,22.0305,512,512,True
leaf_0171,data/severity_calibration/leaf/images/leaf_0171__Leaf-Miner-54-_jpg.rf.3edcdeefb02c74d33c677fb6af52735f.jpg,leaf,Leaf Miner,232280,77275,33.268,512,512,True
leaf_0172,data/severity_calibration/leaf/images/leaf_0172__Leaf-Miner-55-_jpg.rf.24b326f70d10022385a9069af6a2c1a9.jpg,leaf,Leaf Miner,189885,117096,61.6668,512,512,True
leaf_0173,data/severity_calibration/leaf/images/leaf_0173__Leaf-Miner-60-_jpg.rf.5b5074c2debb6361eb264895eef22452.jpg,leaf,Leaf Miner,184174,17473,9.4872,512,512,True
leaf_0174,data/severity_calibration/leaf/images/leaf_0174__Leaf-Miner-64-_jpg.rf.11f13f816bd7349fbcd171a0d51c8239.jpg,leaf,Leaf Miner,228649,47916,20.9561,512,512,True
leaf_0175,data/severity_calibration/leaf/images/leaf_0175__Leaf-Miner-74-_jpg.rf.57968eb4735206c4aeda1ce7e624bde1.jpg,leaf,Leaf Miner,201741,36442,18.0638,512,512,True
leaf_0176,data/severity_calibration/leaf/images/leaf_0176__Leaf-Miner-75-_jpg.rf.4fd53e1f38dcedae9874c753282d68ab.jpg,leaf,Leaf Miner,247751,8515,3.4369,512,512,True
leaf_0177,data/severity_calibration/leaf/images/leaf_0177__Leaf-Miner-77-_jpg.rf.43f2e3584f82c154bffde62ddd42eca2.jpg,leaf,Leaf Miner,120350,4894,4.0665,512,512,True
leaf_0178,data/severity_calibration/leaf/images/leaf_0178__Leaf-Miner-78-_jpg.rf.487c0613a0bbd8a582018da16851b73a.jpg,leaf,Leaf Miner,250344,25764,10.2914,512,512,True
leaf_0179,data/severity_calibration/leaf/images/leaf_0179__Leaf-Miner-79-_jpg.rf.c353473ab113272cac09148c4f588aca.jpg,leaf,Leaf Miner,220720,71581,32.4307,512,512,True
leaf_0180,data/severity_calibration/leaf/images/leaf_0180__Leaf-Miner-81-_jpg.rf.65a9cae8ba8dab55935f9e695758d080.jpg,leaf,Leaf Miner,225862,5200,2.3023,512,512,True
leaf_0181,data/severity_calibration/leaf/images/leaf_0181__Leaf_Miner-1-_jpg.rf.0017732ca185cca6cfa68c76380157bd.jpg,leaf,Leaf Miner,86955,34008,39.1099,512,512,True
leaf_0182,data/severity_calibration/leaf/images/leaf_0182__Leaf_Miner-12-_jpg.rf.228227cf39c4dd5a94a2b1578d28abc8.jpg,leaf,Leaf Miner,134615,15413,11.4497,512,512,True
leaf_0183,data/severity_calibration/leaf/images/leaf_0183__Leaf_Miner-14-_jpg.rf.3e95617df8b1e44d2016271aa1a3c2b1.jpg,leaf,Leaf Miner,155019,13489,8.7015,512,512,True
leaf_0184,data/severity_calibration/leaf/images/leaf_0184__Leaf_Miner-18-_jpg.rf.19baad9e0dfd16e1ecc9538878b47472.jpg,leaf,Leaf Miner,225702,102283,45.3177,512,512,True
leaf_0185,data/severity_calibration/leaf/images/leaf_0185__Leaf_Miner-2-_jpg.rf.4a586e02334596a4a488840e5f0453a8.jpg,leaf,Leaf Miner,120455,6596,5.4759,512,512,True
leaf_0186,data/severity_calibration/leaf/images/leaf_0186__Leaf_Miner-22-_jpg.rf.5d0c98ed4274f663b719d9c4fbf0f7fe.jpg,leaf,Leaf Miner,94225,41896,44.4638,512,512,True
leaf_0187,data/severity_calibration/leaf/images/leaf_0187__Leaf_Miner-24-_jpg.rf.1af92d928e732f99d276d26d8e1ed983.jpg,leaf,Leaf Miner,54466,49804,91.4405,512,512,True
leaf_0188,data/severity_calibration/leaf/images/leaf_0188__Leaf_Miner-27-_jpg.rf.0bd141391ec6c6e0b60c497241ab50cf.jpg,leaf,Leaf Miner,82361,35641,43.2741,512,512,True
leaf_0189,data/severity_calibration/leaf/images/leaf_0189__Leaf_Miner-28-_jpg.rf.06842e4d188160f6fda3475dd5529469.jpg,leaf,Leaf Miner,120637,58064,48.1312,512,512,True
leaf_0190,data/severity_calibration/leaf/images/leaf_0190__Leaf_Miner-31-_jpg.rf.12951cc0aa8f10c6ecc0572de30d9738.jpg,leaf,Leaf Miner,140857,78811,55.9511,512,512,True
leaf_0191,data/severity_calibration/leaf/images/leaf_0191__Leaf_Miner-39-_jpg.rf.134fcedebb2bb0890b066cf7101ffdcd.jpg,leaf,Leaf Miner,66032,60769,92.0296,512,512,True
leaf_0192,data/severity_calibration/leaf/images/leaf_0192__Leaf_Miner-41-_jpg.rf.adf2f3fb917adb816e04251ef8ad0bef.jpg,leaf,Leaf Miner,71257,50840,71.3474,512,512,True
leaf_0193,data/severity_calibration/leaf/images/leaf_0193__Leaf_Miner-44-_jpg.rf.51abe00dcd94a4099bcaf6a3c8998ffc.jpg,leaf,Leaf Miner,97398,85656,87.9443,512,512,True
leaf_0194,data/severity_calibration/leaf/images/leaf_0194__Leaf_Miner-5-_jpg.rf.06c5c0b2291ab2eadf808e9c704e2dd8.jpg,leaf,Leaf Miner,171077,34230,20.0085,512,512,True
leaf_0195,data/severity_calibration/leaf/images/leaf_0195__Leaf_Miner-7-_jpg.rf.652c96b7d37bb3aff707286dd7a827da.jpg,leaf,Leaf Miner,149910,63016,42.0359,512,512,True
leaf_0196,data/severity_calibration/leaf/images/leaf_0196__Leaf_Miner-8-_jpg.rf.271a8c5acb24fca632eb3db649a13908.jpg,leaf,Leaf Miner,133982,89768,67.0,512,512,True
leaf_0197,data/severity_calibration/leaf/images/leaf_0197__Screenshot-143-_png.rf.692d75dfa0f3242b2fbea0f209f32277.jpg,leaf,Leaf Miner,217642,162880,74.8385,512,512,True
leaf_0198,data/severity_calibration/leaf/images/leaf_0198__Screenshot-174-_png.rf.11dfb903a8e2c3d13d123c80d8b13010.jpg,leaf,Leaf Miner,165105,82361,49.884,512,512,True
leaf_0199,data/severity_calibration/leaf/images/leaf_0199__V001_tom1_39_050_a4_00_20211001_14_00135020_40158887_png.rf.4ea1d45febdad136b3e836d809619d38.jpg,leaf,Leaf Miner,113683,29103,25.6001,512,512,True
leaf_0200,data/severity_calibration/leaf/images/leaf_0200__image-6bobKZeMh-transformed_png.rf.212f0b1e95649c13de0b6b3adfdb3eae.jpg,leaf,Leaf Miner,227897,93396,40.9817,512,512,True
leaf_0201,data/severity_calibration/leaf/images/leaf_0201__image-z8uvm1sDI-transformed_png.rf.216a4df1df1d3786ce84a446e4972bfd.jpg,leaf,Leaf Miner,149679,31974,21.3617,512,512,True
leaf_0202,data/severity_calibration/leaf/images/leaf_0202__IMG_20221123_122840_11_jpg.rf.fb504c6a947d529c3d770e3da4bedc31.jpg,leaf,Leaf Miner,242211,58173,24.0175,512,512,True
leaf_0203,data/severity_calibration/leaf/images/leaf_0203__IMG_20221123_122952_11_jpg.rf.4b64d2023b79fb39386c64be57904595.jpg,leaf,Leaf Miner,254328,109400,43.0153,512,512,True
leaf_0204,data/severity_calibration/leaf/images/leaf_0204__IMG_20221231_101808_jpg.rf.c6c04f3af3bd5c29dc0559f6e2717440.jpg,leaf,Leaf Miner,242201,197395,81.5005,512,512,True
leaf_0205,data/severity_calibration/leaf/images/leaf_0205__IMG_20221231_101817_jpg.rf.adbf1a2604cf9071f030d061cc0850e1.jpg,leaf,Leaf Miner,248807,222673,89.4963,512,512,True
leaf_0206,data/severity_calibration/leaf/images/leaf_0206__IMG_20221231_102214_jpg.rf.a6cd6de4fb814613eee5dc08f40ca89e.jpg,leaf,Leaf Miner,216570,13300,6.1412,512,512,True
leaf_0207,data/severity_calibration/leaf/images/leaf_0207__IMG_9990_JPEG.rf.750aa4439bb9ef447b581f0e55641e75.jpg,leaf,Leaf Miner,143431,53066,36.9976,512,512,True
leaf_0208,data/severity_calibration/leaf/images/leaf_0208__Leaf-Miner-12-_jpg.rf.d763fe36c1dfbb102abba08b751ad5d2.jpg,leaf,Leaf Miner,230396,19752,8.5731,512,512,True
leaf_0209,data/severity_calibration/leaf/images/leaf_0209__Leaf-Miner-7-_jpg.rf.ae8ab90e95c501e573f79c3c220347e0.jpg,leaf,Leaf Miner,241170,76891,31.8825,512,512,True
leaf_0210,data/severity_calibration/leaf/images/leaf_0210__leaf-miner-flies-tomato-1668163869_jpg.rf.b0f4b7fee7f6ba7fb1187484e1b7d514.jpg,leaf,Leaf Miner,223860,42807,19.1222,512,512,True
