Date,Item,Type,Market,Price,Source,Report_URL,Retrieved_At
2026-04-02,Tomato,Wholesale,Pettah,80.0,CBSL Daily Price Report,https://www.cbsl.gov.lk/sites/default/files/cbslweb_documents/statistics/pricerpt/price_report_20260402_e.pdf,2026-08-28T17:28:12.928319+00:00
2026-04-02,Tomato,Wholesale,Dambulla,65.0,CBSL Daily Price Report,https://www.cbsl.gov.lk/sites/default/files/cbslweb_documents/statistics/pricerpt/price_report_20260402_e.pdf,2026-08-28T17:28:12.928319+00:00
2026-04-02,Tomato,Retail,Pettah,130.0,CBSL Daily Price Report,https://www.cbsl.gov.lk/sites/default/files/cbslweb_documents/statistics/pricerpt/price_report_20260402_e.pdf,2026-08-28T17:28:12.928319+00:00
2026-04-02,Tomato,Retail,Dambulla,95.0,CBSL Daily Price Report,https://www.cbsl.gov.lk/sites/default/files/cbslweb_documents/statistics/pricerpt/price_report_20260402_e.pdf,2026-08-28T17:28:12.928319+00:00
2026-04-06,Tomato,Wholesale,Pettah,120.0,CBSL Daily Price Report,https://www.cbsl.gov.lk/sites/default/files/cbslweb_documents/statistics/pricerpt/price_report_20260406_e.pdf,2026-08-28T17:28:12.928319+00:00
2026-04-06,Tomato,Wholesale,Dambulla,58.0,CBSL Daily Price Report,https://www.cbsl.gov.lk/sites/default/files/cbslweb_documents/statistics/pricerpt/price_report_20260406_e.pdf,2026-08-28T17:28:12.928319+00:00
2026-04-06,Tomato,Retail,Pettah,170.0,CBSL Daily Price Report,https://www.cbsl.gov.lk/sites/default/files/cbslweb_documents/statistics/pricerpt/price_report_20260406_e.pdf,2026-08-28T17:28:12.928319+00:00
2026-04-06,Tomato,Retail,Dambulla,88.0,CBSL Daily Price Report,https://www.cbsl.gov.lk/sites/default/files/cbslweb_documents/statistics/pricerpt/price_report_20260406_e.pdf,2026-08-28T17:28:12.928319+00:00
2026-04-07,Tomato,Wholesale,Pettah,120.0,CBSL Daily Price Report,https://www.cbsl.gov.lk/sites/default/files/cbslweb_documents/statistics/pricerpt/price_report_20260407_e.pdf,2026-08-28T17:28:12.928319+00:00
2026-04-07,Tomato,Wholesale,Dambulla,65.0,CBSL Daily Price Report,https://www.cbsl.gov.lk/sites/default/files/cbslweb_documents/statistics/pricerpt/price_report_20260407_e.pdf,2026-08-28T17:28:12.928319+00:00
2026-04-07,Tomato,Retail,Pettah,170.0,CBSL Daily Price Report,https://www.cbsl.gov.lk/sites/default/files/cbslweb_documents/statistics/pricerpt/price_report_20260407_e.pdf,2026-08-28T17:28:12.928319+00:00
2026-04-07,Tomato,Retail,Dambulla,95.0,CBSL Daily Price Report,https://www.cbsl.gov.lk/sites/default/files/cbslweb_documents/statistics/pricerpt/price_report_20260407_e.pdf,2026-08-28T17:28:12.928319+00:00
2026-04-08,Tomato,Wholesale,Pettah,120.0,CBSL Daily Price Report,https://www.cbsl.gov.lk/sites/default/files/cbslweb_documents/statistics/pricerpt/price_report_20260408_e.pdf,2026-08-28T17:28:12.928319+00:00
2026-04-08,Tomato,Wholesale,Dambulla,125.0,CBSL Daily Price Report,https://www.cbsl.gov.lk/sites/default/files/cbslweb_documents/statistics/pricerpt/price_report_20260408_e.pdf,2026-08-28T17:28:12.928319+00:00
2026-04-08,Tomato,Retail,Pettah,170.0,CBSL Daily Price Report,https://www.cbsl.gov.lk/sites/default/files/cbslweb_documents/statistics/pricerpt/price_report_20260408_e.pdf,2026-08-28T17:28:12.928319+00:00
2026-04-08,Tomato,Retail,Dambulla,155.0,CBSL Daily Price Report,https://www.cbsl.gov.lk/sites/default/files/cbslweb_documents/statistics/pricerpt/price_report_20260408_e.pdf,2026-08-28T17:28:12.928319+00:00
2026-04-09,Tomato,Wholesale,Pettah,120.0,CBSL Daily Price Report,https://www.cbsl.gov.lk/sites/default/files/cbslweb_documents/statistics/pricerpt/price_report_20260409_e.pdf,2026-08-28T17:28:12.928319+00:00
2026-04-09,Tomato,Wholesale,Dambulla,145.0,CBSL Daily Price Report,https://www.cbsl.gov.lk/sites/default/files/cbslweb_documents/statistics/pricerpt/price_report_20260409_e.pdf,2026-08-28T17:28:12.928319+00:00
2026-04-09,Tomato,Retail,Pettah,170.0,CBSL Daily Price Report,https://www.cbsl.gov.lk/sites/default/files/cbslweb_documents/statistics/pricerpt/price_report_20260409_e.pdf,2026-08-28T17:28:12.928319+00:00
2026-04-09,Tomato,Retail,Dambulla,175.0,CBSL Daily Price Report,https://www.cbsl.gov.lk/sites/default/files/cbslweb_documents/statistics/pricerpt/price_report_20260409_e.pdf,2026-08-28T17:28:12.928319+00:00
2026-04-10,Tomato,Wholesale,Pettah,150.0,CBSL Daily Price Report,https://www.cbsl.gov.lk/sites/default/files/cbslweb_documents/statistics/pricerpt/price_report_20260410_e.pdf,2026-08-28T17:28:12.928319+00:00
2026-04-10,Tomato,Wholesale,Dambulla,165.0,CBSL Daily Price Report,https://www.cbsl.gov.lk/sites/default/files/cbslweb_documents/statistics/pricerpt/price_report_20260410_e.pdf,2026-08-28T17:28:12.928319+00:00
2026-04-10,Tomato,Retail,Pettah,200.0,CBSL Daily Price Report,https://www.cbsl.gov.lk/sites/default/files/cbslweb_documents/statistics/pricerpt/price_report_20260410_e.pdf,2026-08-28T17:28:12.928319+00:00
2026-04-10,Tomato,Retail,Dambulla,195.0,CBSL Daily Price Report,https://www.cbsl.gov.lk/sites/default/files/cbslweb_documents/statistics/pricerpt/price_report_20260410_e.pdf,2026-08-28T17:28:12.928319+00:00
2026-04-16,Tomato,Wholesale,Dambulla,125.0,CBSL Daily Price Report,https://www.cbsl.gov.lk/sites/default/files/cbslweb_documents/statistics/pricerpt/price_report_20260416_e.pdf,2026-08-28T17:28:12.928319+00:00
2026-04-16,Tomato,Retail,Dambulla,155.0,CBSL Daily Price Report,https://www.cbsl.gov.lk/sites/default/files/cbslweb_documents/statistics/pricerpt/price_report_20260416_e.pdf,2026-08-28T17:28:12.928319+00:00
2026-04-17,Tomato,Wholesale,Dambulla,70.0,CBSL Daily Price Report,https://www.cbsl.gov.lk/sites/default/files/cbslweb_documents/statistics/pricerpt/price_report_20260417_e.pdf,2026-08-28T17:28:12.928319+00:00
2026-04-17,Tomato,Retail,Dambulla,100.0,CBSL Daily Price Report,https://www.cbsl.gov.lk/sites/default/files/cbslweb_documents/statistics/pricerpt/price_report_20260417_e.pdf,2026-08-28T17:28:12.928319+00:00
2026-04-20,Tomato,Wholesale,Pettah,150.0,CBSL Daily Price Report,https://www.cbsl.gov.lk/sites/default/files/cbslweb_documents/statistics/pricerpt/price_report_20260420_e.pdf,2026-08-28T17:28:12.928319+00:00
2026-04-20,Tomato,Wholesale,Dambulla,55.0,CBSL Daily Price Report,https://www.cbsl.gov.lk/sites/default/files/cbslweb_documents/statistics/pricerpt/price_report_20260420_e.pdf,2026-08-28T17:28:12.928319+00:00
2026-04-20,Tomato,Retail,Pettah,200.0,CBSL Daily Price Report,https://www.cbsl.gov.lk/sites/default/files/cbslweb_documents/statistics/pricerpt/price_report_20260420_e.pdf,2026-08-28T17:28:12.928319+00:00
2026-04-20,Tomato,Retail,Dambulla,85.0,CBSL Daily Price Report,https://www.cbsl.gov.lk/sites/default/files/cbslweb_documents/statistics/pricerpt/price_report_20260420_e.pdf,2026-08-28T17:28:12.928319+00:00
2026-04-21,Tomato,Wholesale,Pettah,100.0,CBSL Daily Price Report,https://www.cbsl.gov.lk/sites/default/files/cbslweb_documents/statistics/pricerpt/price_report_20260421_e.pdf,2026-08-28T17:28:12.928319+00:00
2026-04-21,Tomato,Wholesale,Dambulla,48.0,CBSL Daily Price Report,https://www.cbsl.gov.lk/sites/default/files/cbslweb_documents/statistics/pricerpt/price_report_20260421_e.pdf,2026-08-28T17:28:12.928319+00:00
2026-04-21,Tomato,Retail,Pettah,150.0,CBSL Daily Price Report,https://www.cbsl.gov.lk/sites/default/files/cbslweb_documents/statistics/pricerpt/price_report_20260421_e.pdf,2026-08-28T17:28:12.928319+00:00
2026-04-21,Tomato,Retail,Dambulla,78.0,CBSL Daily Price Report,https://www.cbsl.gov.lk/sites/default/files/cbslweb_documents/statistics/pricerpt/price_report_20260421_e.pdf,2026-08-28T17:28:12.928319+00:00
2026-04-22,Tomato,Wholesale,Pettah,120.0,CBSL Daily Price Report,https://www.cbsl.gov.lk/sites/default/files/cbslweb_documents/statistics/pricerpt/price_report_20260422_e.pdf,2026-08-28T17:28:12.928319+00:00
2026-04-22,Tomato,Wholesale,Dambulla,55.0,CBSL Daily Price Report,https://www.cbsl.gov.lk/sites/default/files/cbslweb_documents/statistics/pricerpt/price_report_20260422_e.pdf,2026-08-28T17:28:12.928319+00:00
2026-04-22,Tomato,Retail,Pettah,170.0,CBSL Daily Price Report,https://www.cbsl.gov.lk/sites/default/files/cbslweb_documents/statistics/pricerpt/price_report_20260422_e.pdf,2026-08-28T17:28:12.928319+00:00
2026-04-22,Tomato,Retail,Dambulla,85.0,CBSL Daily Price Report,https://www.cbsl.gov.lk/sites/default/files/cbslweb_documents/statistics/pricerpt/price_report_20260422_e.pdf,2026-08-28T17:28:12.928319+00:00
2026-04-23,Tomato,Wholesale,Pettah,100.0,CBSL Daily Price Report,https://www.cbsl.gov.lk/sites/default/files/cbslweb_documents/statistics/pricerpt/price_report_20260423_e.pdf,2026-08-28T17:28:12.928319+00:00
2026-04-23,Tomato,Wholesale,Dambulla,55.0,CBSL Daily Price Report,https://www.cbsl.gov.lk/sites/default/files/cbslweb_documents/statistics/pricerpt/price_report_20260423_e.pdf,2026-08-28T17:28:12.928319+00:00
2026-04-23,Tomato,Retail,Pettah,150.0,CBSL Daily Price Report,https://www.cbsl.gov.lk/sites/default/files/cbslweb_documents/statistics/pricerpt/price_report_20260423_e.pdf,2026-08-28T17:28:12.928319+00:00
2026-04-23,Tomato,Retail,Dambulla,85.0,CBSL Daily Price Report,https://www.cbsl.gov.lk/sites/default/files/cbslweb_documents/statistics/pricerpt/price_report_20260423_e.pdf,2026-08-28T17:28:12.928319+00:00
2026-06-11,Tomato,Wholesale,Pettah,500.0,CBSL Daily Price Report,https://www.cbsl.gov.lk/sites/default/files/cbslweb_documents/statistics/pricerpt/price_report_20260611_e.pdf,2026-08-28T17:28:12.928319+00:00
2026-06-11,Tomato,Wholesale,Dambulla,485.0,CBSL Daily Price Report,https://www.cbsl.gov.lk/sites/default/files/cbslweb_documents/statistics/pricerpt/price_report_20260611_e.pdf,2026-08-28T17:28:12.928319+00:00
2026-06-11,Tomato,Retail,Pettah,550.0,CBSL Daily Price Report,https://www.cbsl.gov.lk/sites/default/files/cbslweb_documents/statistics/pricerpt/price_report_20260611_e.pdf,2026-08-28T17:28:12.928319+00:00
2026-06-11,Tomato,Retail,Dambulla,515.0,CBSL Daily Price Report,https://www.cbsl.gov.lk/sites/default/files/cbslweb_documents/statistics/pricerpt/price_report_20260611_e.pdf,2026-08-28T17:28:12.928319+00:00
2026-06-22,Tomato,Wholesale,Pettah,700.0,CBSL Daily Price Report,https://www.cbsl.gov.lk/sites/default/files/cbslweb_documents/statistics/pricerpt/price_report_20260622_e.pdf,2026-08-28T17:28:12.928319+00:00
2026-06-22,Tomato,Wholesale,Dambulla,525.0,CBSL Daily Price Report,https://www.cbsl.gov.lk/sites/default/files/cbslweb_documents/statistics/pricerpt/price_report_20260622_e.pdf,2026-08-28T17:28:12.928319+00:00
2026-06-22,Tomato,Retail,Pettah,750.0,CBSL Daily Price Report,https://www.cbsl.gov.lk/sites/default/files/cbslweb_documents/statistics/pricerpt/price_report_20260622_e.pdf,2026-08-28T17:28:12.928319+00:00
2026-06-22,Tomato,Retail,Dambulla,555.0,CBSL Daily Price Report,https://www.cbsl.gov.lk/sites/default/files/cbslweb_documents/statistics/pricerpt/price_report_20260622_e.pdf,2026-08-28T17:28:12.928319+00:00
2026-06-23,Tomato,Wholesale,Pettah,700.0,CBSL Daily Price Report,https://www.cbsl.gov.lk/sites/default/files/cbslweb_documents/statistics/pricerpt/price_report_20260623_e.pdf,2026-08-28T17:28:12.928319+00:00
2026-06-23,Tomato,Wholesale,Dambulla,550.0,CBSL Daily Price Report,https://www.cbsl.gov.lk/sites/default/files/cbslweb_documents/statistics/pricerpt/price_report_20260623_e.pdf,2026-08-28T17:28:12.928319+00:00
2026-06-23,Tomato,Retail,Pettah,750.0,CBSL Daily Price Report,https://www.cbsl.gov.lk/sites/default/files/cbslweb_documents/statistics/pricerpt/price_report_20260623_e.pdf,2026-08-28T17:28:12.928319+00:00
2026-06-23,Tomato,Retail,Dambulla,580.0,CBSL Daily Price Report,https://www.cbsl.gov.lk/sites/default/files/cbslweb_documents/statistics/pricerpt/price_report_20260623_e.pdf,2026-08-28T17:28:12.928319+00:00
2026-08-14,Tomato,Wholesale,Pettah,400.0,CBSL Daily Price Report,https://www.cbsl.gov.lk/sites/default/files/cbslweb_documents/statistics/pricerpt/price_report_20260814_e.pdf,2026-08-28T17:28:12.928319+00:00
2026-08-14,Tomato,Wholesale,Dambulla,325.0,CBSL Daily Price Report,https://www.cbsl.gov.lk/sites/default/files/cbslweb_documents/statistics/pricerpt/price_report_20260814_e.pdf,2026-08-28T17:28:12.928319+00:00
2026-08-14,Tomato,Retail,Pettah,450.0,CBSL Daily Price Report,https://www.cbsl.gov.lk/sites/default/files/cbslweb_documents/statistics/pricerpt/price_report_20260814_e.pdf,2026-08-28T17:28:12.928319+00:00
2026-08-14,Tomato,Retail,Dambulla,355.0,CBSL Daily Price Report,https://www.cbsl.gov.lk/sites/default/files/cbslweb_documents/statistics/pricerpt/price_report_20260814_e.pdf,2026-08-28T17:28:12.928319+00:00
2026-08-17,Tomato,Wholesale,Pettah,350.0,CBSL Daily Price Report,https://www.cbsl.gov.lk/sites/default/files/cbslweb_documents/statistics/pricerpt/price_report_20260817_e.pdf,2026-08-28T17:28:12.928319+00:00
2026-08-17,Tomato,Wholesale,Dambulla,290.0,CBSL Daily Price Report,https://www.cbsl.gov.lk/sites/default/files/cbslweb_documents/statistics/pricerpt/price_report_20260817_e.pdf,2026-08-28T17:28:12.928319+00:00
2026-08-17,Tomato,Retail,Pettah,400.0,CBSL Daily Price Report,https://www.cbsl.gov.lk/sites/default/files/cbslweb_documents/statistics/pricerpt/price_report_20260817_e.pdf,2026-08-28T17:28:12.928319+00:00
2026-08-17,Tomato,Retail,Dambulla,320.0,CBSL Daily Price Report,https://www.cbsl.gov.lk/sites/default/files/cbslweb_documents/statistics/pricerpt/price_report_20260817_e.pdf,2026-08-28T17:28:12.928319+00:00
2026-08-18,Tomato,Wholesale,Pettah,350.0,CBSL Daily Price Report,https://www.cbsl.gov.lk/sites/default/files/cbslweb_documents/statistics/pricerpt/price_report_20260818_e.pdf,2026-08-28T17:28:12.928319+00:00
2026-08-18,Tomato,Wholesale,Dambulla,275.0,CBSL Daily Price Report,https://www.cbsl.gov.lk/sites/default/files/cbslweb_documents/statistics/pricerpt/price_report_20260818_e.pdf,2026-08-28T17:28:12.928319+00:00
2026-08-18,Tomato,Retail,Pettah,400.0,CBSL Daily Price Report,https://www.cbsl.gov.lk/sites/default/files/cbslweb_documents/statistics/pricerpt/price_report_20260818_e.pdf,2026-08-28T17:28:12.928319+00:00
2026-08-18,Tomato,Retail,Dambulla,305.0,CBSL Daily Price Report,https://www.cbsl.gov.lk/sites/default/files/cbslweb_documents/statistics/pricerpt/price_report_20260818_e.pdf,2026-08-28T17:28:12.928319+00:00
2026-08-19,Tomato,Wholesale,Pettah,350.0,CBSL Daily Price Report,https://www.cbsl.gov.lk/sites/default/files/cbslweb_documents/statistics/pricerpt/price_report_20260819_e.pdf,2026-08-28T17:28:12.928319+00:00
2026-08-19,Tomato,Wholesale,Dambulla,285.0,CBSL Daily Price Report,https://www.cbsl.gov.lk/sites/default/files/cbslweb_documents/statistics/pricerpt/price_report_20260819_e.pdf,2026-08-28T17:28:12.928319+00:00
2026-08-19,Tomato,Retail,Pettah,400.0,CBSL Daily Price Report,https://www.cbsl.gov.lk/sites/default/files/cbslweb_documents/statistics/pricerpt/price_report_20260819_e.pdf,2026-08-28T17:28:12.928319+00:00
2026-08-19,Tomato,Retail,Dambulla,315.0,CBSL Daily Price Report,https://www.cbsl.gov.lk/sites/default/files/cbslweb_documents/statistics/pricerpt/price_report_20260819_e.pdf,2026-08-28T17:28:12.928319+00:00
2026-08-20,Tomato,Wholesale,Pettah,300.0,CBSL Daily Price Report,https://www.cbsl.gov.lk/sites/default/files/cbslweb_documents/statistics/pricerpt/price_report_20260820_e.pdf,2026-08-28T17:28:12.928319+00:00
2026-08-20,Tomato,Wholesale,Dambulla,130.0,CBSL Daily Price Report,https://www.cbsl.gov.lk/sites/default/files/cbslweb_documents/statistics/pricerpt/price_report_20260820_e.pdf,2026-08-28T17:28:12.928319+00:00
2026-08-20,Tomato,Retail,Pettah,350.0,CBSL Daily Price Report,https://www.cbsl.gov.lk/sites/default/files/cbslweb_documents/statistics/pricerpt/price_report_20260820_e.pdf,2026-08-28T17:28:12.928319+00:00
2026-08-20,Tomato,Retail,Dambulla,160.0,CBSL Daily Price Report,https://www.cbsl.gov.lk/sites/default/files/cbslweb_documents/statistics/pricerpt/price_report_20260820_e.pdf,2026-08-28T17:28:12.928319+00:00
2026-08-21,Tomato,Wholesale,Pettah,300.0,CBSL Daily Price Report,https://www.cbsl.gov.lk/sites/default/files/cbslweb_documents/statistics/pricerpt/price_report_20260821_e.pdf,2026-08-28T17:28:12.928319+00:00
2026-08-21,Tomato,Wholesale,Dambulla,205.0,CBSL Daily Price Report,https://www.cbsl.gov.lk/sites/default/files/cbslweb_documents/statistics/pricerpt/price_report_20260821_e.pdf,2026-08-28T17:28:12.928319+00:00
2026-08-21,Tomato,Retail,Pettah,350.0,CBSL Daily Price Report,https://www.cbsl.gov.lk/sites/default/files/cbslweb_documents/statistics/pricerpt/price_report_20260821_e.pdf,2026-08-28T17:28:12.928319+00:00
2026-08-21,Tomato,Retail,Dambulla,235.0,CBSL Daily Price Report,https://www.cbsl.gov.lk/sites/default/files/cbslweb_documents/statistics/pricerpt/price_report_20260821_e.pdf,2026-08-28T17:28:12.928319+00:00
2026-08-28,Tomato,Wholesale,Pettah,300.0,CBSL Daily Price Report,https://www.cbsl.gov.lk/sites/default/files/cbslweb_documents/statistics/pricerpt/price_report_20260828_e.pdf,2026-08-28T17:28:12.928319+00:00
2026-08-28,Tomato,Wholesale,Dambulla,210.0,CBSL Daily Price Report,https://www.cbsl.gov.lk/sites/default/files/cbslweb_documents/statistics/pricerpt/price_report_20260828_e.pdf,2026-08-28T17:28:12.928319+00:00
2026-08-28,Tomato,Retail,Pettah,350.0,CBSL Daily Price Report,https://www.cbsl.gov.lk/sites/default/files/cbslweb_documents/statistics/pricerpt/price_report_20260828_e.pdf,2026-08-28T17:28:12.928319+00:00
2026-08-28,Tomato,Retail,Dambulla,240.0,CBSL Daily Price Report,https://www.cbsl.gov.lk/sites/default/files/cbslweb_documents/statistics/pricerpt/price_report_20260828_e.pdf,2026-08-28T17:28:12.928319+00:00
2026-04-24,Tomato,Wholesale,Pettah,150.0,CBSL Daily Price Report,https://www.cbsl.gov.lk/sites/default/files/cbslweb_documents/statistics/pricerpt/price_report_20260424_e.pdf,2026-08-28T17:33:11.504697+00:00
2026-04-24,Tomato,Wholesale,Dambulla,65.0,CBSL Daily Price Report,https://www.cbsl.gov.lk/sites/default/files/cbslweb_documents/statistics/pricerpt/price_report_20260424_e.pdf,2026-08-28T17:33:11.504697+00:00
2026-04-24,Tomato,Retail,Pettah,200.0,CBSL Daily Price Report,https://www.cbsl.gov.lk/sites/default/files/cbslweb_documents/statistics/pricerpt/price_report_20260424_e.pdf,2026-08-28T17:33:11.504697+00:00
2026-04-24,Tomato,Retail,Dambulla,95.0,CBSL Daily Price Report,https://www.cbsl.gov.lk/sites/default/files/cbslweb_documents/statistics/pricerpt/price_report_20260424_e.pdf,2026-08-28T17:33:11.504697+00:00
2026-04-29,Tomato,Wholesale,Pettah,150.0,CBSL Daily Price Report,https://www.cbsl.gov.lk/sites/default/files/cbslweb_documents/statistics/pricerpt/price_report_20260429_e.pdf,2026-08-28T17:33:11.504697+00:00
2026-04-29,Tomato,Wholesale,Dambulla,95.0,CBSL Daily Price Report,https://www.cbsl.gov.lk/sites/default/files/cbslweb_documents/statistics/pricerpt/price_report_20260429_e.pdf,2026-08-28T17:33:11.504697+00:00
2026-04-29,Tomato,Retail,Pettah,200.0,CBSL Daily Price Report,https://www.cbsl.gov.lk/sites/default/files/cbslweb_documents/statistics/pricerpt/price_report_20260429_e.pdf,2026-08-28T17:33:11.504697+00:00
2026-04-29,Tomato,Retail,Dambulla,125.0,CBSL Daily Price Report,https://www.cbsl.gov.lk/sites/default/files/cbslweb_documents/statistics/pricerpt/price_report_20260429_e.pdf,2026-08-28T17:33:11.504697+00:00
2026-05-11,Tomato,Wholesale,Pettah,400.0,CBSL Daily Price Report,https://www.cbsl.gov.lk/sites/default/files/cbslweb_documents/statistics/pricerpt/price_report_20260511_e.pdf,2026-08-28T17:33:11.504697+00:00
2026-05-11,Tomato,Wholesale,Dambulla,305.0,CBSL Daily Price Report,https://www.cbsl.gov.lk/sites/default/files/cbslweb_documents/statistics/pricerpt/price_report_20260511_e.pdf,2026-08-28T17:33:11.504697+00:00
2026-05-11,Tomato,Retail,Pettah,450.0,CBSL Daily Price Report,https://www.cbsl.gov.lk/sites/default/files/cbslweb_documents/statistics/pricerpt/price_report_20260511_e.pdf,2026-08-28T17:33:11.504697+00:00
2026-05-11,Tomato,Retail,Dambulla,335.0,CBSL Daily Price Report,https://www.cbsl.gov.lk/sites/default/files/cbslweb_documents/statistics/pricerpt/price_report_20260511_e.pdf,2026-08-28T17:33:11.504697+00:00
2026-05-13,Tomato,Wholesale,Pettah,400.0,CBSL Daily Price Report,https://www.cbsl.gov.lk/sites/default/files/cbslweb_documents/statistics/pricerpt/price_report_20260513_e.pdf,2026-08-28T17:33:11.504697+00:00
2026-05-13,Tomato,Wholesale,Dambulla,325.0,CBSL Daily Price Report,https://www.cbsl.gov.lk/sites/default/files/cbslweb_documents/statistics/pricerpt/price_report_20260513_e.pdf,2026-08-28T17:33:11.504697+00:00
2026-05-13,Tomato,Retail,Pettah,450.0,CBSL Daily Price Report,https://www.cbsl.gov.lk/sites/default/files/cbslweb_documents/statistics/pricerpt/price_report_20260513_e.pdf,2026-08-28T17:33:11.504697+00:00
2026-05-13,Tomato,Retail,Dambulla,355.0,CBSL Daily Price Report,https://www.cbsl.gov.lk/sites/default/files/cbslweb_documents/statistics/pricerpt/price_report_20260513_e.pdf,2026-08-28T17:33:11.504697+00:00
2026-05-18,Tomato,Wholesale,Pettah,320.0,CBSL Daily Price Report,https://www.cbsl.gov.lk/sites/default/files/cbslweb_documents/statistics/pricerpt/price_report_20260518_e.pdf,2026-08-28T17:33:11.504697+00:00
2026-05-18,Tomato,Wholesale,Dambulla,255.0,CBSL Daily Price Report,https://www.cbsl.gov.lk/sites/default/files/cbslweb_documents/statistics/pricerpt/price_report_20260518_e.pdf,2026-08-28T17:33:11.504697+00:00
2026-05-18,Tomato,Retail,Pettah,380.0,CBSL Daily Price Report,https://www.cbsl.gov.lk/sites/default/files/cbslweb_documents/statistics/pricerpt/price_report_20260518_e.pdf,2026-08-28T17:33:11.504697+00:00
2026-05-18,Tomato,Retail,Dambulla,285.0,CBSL Daily Price Report,https://www.cbsl.gov.lk/sites/default/files/cbslweb_documents/statistics/pricerpt/price_report_20260518_e.pdf,2026-08-28T17:33:11.504697+00:00
2026-05-19,Tomato,Wholesale,Pettah,320.0,CBSL Daily Price Report,https://www.cbsl.gov.lk/sites/default/files/cbslweb_documents/statistics/pricerpt/price_report_20260519_e.pdf,2026-08-28T17:33:11.504697+00:00
2026-05-19,Tomato,Wholesale,Dambulla,255.0,CBSL Daily Price Report,https://www.cbsl.gov.lk/sites/default/files/cbslweb_documents/statistics/pricerpt/price_report_20260519_e.pdf,2026-08-28T17:33:11.504697+00:00
2026-05-19,Tomato,Retail,Pettah,380.0,CBSL Daily Price Report,https://www.cbsl.gov.lk/sites/default/files/cbslweb_documents/statistics/pricerpt/price_report_20260519_e.pdf,2026-08-28T17:33:11.504697+00:00
2026-05-19,Tomato,Retail,Dambulla,285.0,CBSL Daily Price Report,https://www.cbsl.gov.lk/sites/default/files/cbslweb_documents/statistics/pricerpt/price_report_20260519_e.pdf,2026-08-28T17:33:11.504697+00:00
2026-05-20,Tomato,Wholesale,Pettah,320.0,CBSL Daily Price Report,https://www.cbsl.gov.lk/sites/default/files/cbslweb_documents/statistics/pricerpt/price_report_20260520_e.pdf,2026-08-28T17:33:11.504697+00:00
2026-05-20,Tomato,Wholesale,Dambulla,255.0,CBSL Daily Price Report,https://www.cbsl.gov.lk/sites/default/files/cbslweb_documents/statistics/pricerpt/price_report_20260520_e.pdf,2026-08-28T17:33:11.504697+00:00
2026-05-20,Tomato,Retail,Pettah,380.0,CBSL Daily Price Report,https://www.cbsl.gov.lk/sites/default/files/cbslweb_documents/statistics/pricerpt/price_report_20260520_e.pdf,2026-08-28T17:33:11.504697+00:00
2026-05-20,Tomato,Retail,Dambulla,285.0,CBSL Daily Price Report,https://www.cbsl.gov.lk/sites/default/files/cbslweb_documents/statistics/pricerpt/price_report_20260520_e.pdf,2026-08-28T17:33:11.504697+00:00
2026-06-05,Tomato,Wholesale,Pettah,700.0,CBSL Daily Price Report,https://www.cbsl.gov.lk/sites/default/files/cbslweb_documents/statistics/pricerpt/price_report_20260605_e.pdf,2026-08-28T17:33:11.504697+00:00
2026-06-05,Tomato,Wholesale,Dambulla,675.0,CBSL Daily Price Report,https://www.cbsl.gov.lk/sites/default/files/cbslweb_documents/statistics/pricerpt/price_report_20260605_e.pdf,2026-08-28T17:33:11.504697+00:00
2026-06-05,Tomato,Retail,Pettah,750.0,CBSL Daily Price Report,https://www.cbsl.gov.lk/sites/default/files/cbslweb_documents/statistics/pricerpt/price_report_20260605_e.pdf,2026-08-28T17:33:11.504697+00:00
2026-06-05,Tomato,Retail,Dambulla,705.0,CBSL Daily Price Report,https://www.cbsl.gov.lk/sites/default/files/cbslweb_documents/statistics/pricerpt/price_report_20260605_e.pdf,2026-08-28T17:33:11.504697+00:00
2026-06-08,Tomato,Wholesale,Pettah,500.0,CBSL Daily Price Report,https://www.cbsl.gov.lk/sites/default/files/cbslweb_documents/statistics/pricerpt/price_report_20260608_e.pdf,2026-08-28T17:33:11.504697+00:00
2026-06-08,Tomato,Wholesale,Dambulla,500.0,CBSL Daily Price Report,https://www.cbsl.gov.lk/sites/default/files/cbslweb_documents/statistics/pricerpt/price_report_20260608_e.pdf,2026-08-28T17:33:11.504697+00:00
2026-06-08,Tomato,Retail,Pettah,550.0,CBSL Daily Price Report,https://www.cbsl.gov.lk/sites/default/files/cbslweb_documents/statistics/pricerpt/price_report_20260608_e.pdf,2026-08-28T17:33:11.504697+00:00
2026-06-08,Tomato,Retail,Dambulla,530.0,CBSL Daily Price Report,https://www.cbsl.gov.lk/sites/default/files/cbslweb_documents/statistics/pricerpt/price_report_20260608_e.pdf,2026-08-28T17:33:11.504697+00:00
2026-06-09,Tomato,Wholesale,Pettah,500.0,CBSL Daily Price Report,https://www.cbsl.gov.lk/sites/default/files/cbslweb_documents/statistics/pricerpt/price_report_20260609_e.pdf,2026-08-28T17:33:11.504697+00:00
2026-06-09,Tomato,Wholesale,Dambulla,535.0,CBSL Daily Price Report,https://www.cbsl.gov.lk/sites/default/files/cbslweb_documents/statistics/pricerpt/price_report_20260609_e.pdf,2026-08-28T17:33:11.504697+00:00
2026-06-09,Tomato,Retail,Pettah,550.0,CBSL Daily Price Report,https://www.cbsl.gov.lk/sites/default/files/cbslweb_documents/statistics/pricerpt/price_report_20260609_e.pdf,2026-08-28T17:33:11.504697+00:00
2026-06-09,Tomato,Retail,Dambulla,565.0,CBSL Daily Price Report,https://www.cbsl.gov.lk/sites/default/files/cbslweb_documents/statistics/pricerpt/price_report_20260609_e.pdf,2026-08-28T17:33:11.504697+00:00
2026-06-10,Tomato,Wholesale,Pettah,500.0,CBSL Daily Price Report,https://www.cbsl.gov.lk/sites/default/files/cbslweb_documents/statistics/pricerpt/price_report_20260610_e.pdf,2026-08-28T17:33:11.504697+00:00
2026-06-10,Tomato,Wholesale,Dambulla,425.0,CBSL Daily Price Report,https://www.cbsl.gov.lk/sites/default/files/cbslweb_documents/statistics/pricerpt/price_report_20260610_e.pdf,2026-08-28T17:33:11.504697+00:00
2026-06-10,Tomato,Retail,Pettah,550.0,CBSL Daily Price Report,https://www.cbsl.gov.lk/sites/default/files/cbslweb_documents/statistics/pricerpt/price_report_20260610_e.pdf,2026-08-28T17:33:11.504697+00:00
2026-06-10,Tomato,Retail,Dambulla,455.0,CBSL Daily Price Report,https://www.cbsl.gov.lk/sites/default/files/cbslweb_documents/statistics/pricerpt/price_report_20260610_e.pdf,2026-08-28T17:33:11.504697+00:00
2026-06-12,Tomato,Wholesale,Pettah,500.0,CBSL Daily Price Report,https://www.cbsl.gov.lk/sites/default/files/cbslweb_documents/statistics/pricerpt/price_report_20260612_e.pdf,2026-08-28T17:33:11.504697+00:00
2026-06-12,Tomato,Wholesale,Dambulla,425.0,CBSL Daily Price Report,https://www.cbsl.gov.lk/sites/default/files/cbslweb_documents/statistics/pricerpt/price_report_20260612_e.pdf,2026-08-28T17:33:11.504697+00:00
2026-06-12,Tomato,Retail,Pettah,550.0,CBSL Daily Price Report,https://www.cbsl.gov.lk/sites/default/files/cbslweb_documents/statistics/pricerpt/price_report_20260612_e.pdf,2026-08-28T17:33:11.504697+00:00
2026-06-12,Tomato,Retail,Dambulla,455.0,CBSL Daily Price Report,https://www.cbsl.gov.lk/sites/default/files/cbslweb_documents/statistics/pricerpt/price_report_20260612_e.pdf,2026-08-28T17:33:11.504697+00:00
2026-06-15,Tomato,Wholesale,Pettah,700.0,CBSL Daily Price Report,https://www.cbsl.gov.lk/sites/default/files/cbslweb_documents/statistics/pricerpt/price_report_20260615_e.pdf,2026-08-28T17:33:11.504697+00:00
2026-06-15,Tomato,Wholesale,Dambulla,625.0,CBSL Daily Price Report,https://www.cbsl.gov.lk/sites/default/files/cbslweb_documents/statistics/pricerpt/price_report_20260615_e.pdf,2026-08-28T17:33:11.504697+00:00
2026-06-15,Tomato,Retail,Pettah,750.0,CBSL Daily Price Report,https://www.cbsl.gov.lk/sites/default/files/cbslweb_documents/statistics/pricerpt/price_report_20260615_e.pdf,2026-08-28T17:33:11.504697+00:00
2026-06-15,Tomato,Retail,Dambulla,655.0,CBSL Daily Price Report,https://www.cbsl.gov.lk/sites/default/files/cbslweb_documents/statistics/pricerpt/price_report_20260615_e.pdf,2026-08-28T17:33:11.504697+00:00
2026-07-10,Tomato,Wholesale,Pettah,450.0,CBSL Daily Price Report,https://www.cbsl.gov.lk/sites/default/files/cbslweb_documents/statistics/pricerpt/price_report_20260710_e.pdf,2026-08-28T17:33:11.504697+00:00
2026-07-10,Tomato,Wholesale,Dambulla,255.0,CBSL Daily Price Report,https://www.cbsl.gov.lk/sites/default/files/cbslweb_documents/statistics/pricerpt/price_report_20260710_e.pdf,2026-08-28T17:33:11.504697+00:00
2026-07-10,Tomato,Retail,Pettah,500.0,CBSL Daily Price Report,https://www.cbsl.gov.lk/sites/default/files/cbslweb_documents/statistics/pricerpt/price_report_20260710_e.pdf,2026-08-28T17:33:11.504697+00:00
2026-07-10,Tomato,Retail,Dambulla,285.0,CBSL Daily Price Report,https://www.cbsl.gov.lk/sites/default/files/cbslweb_documents/statistics/pricerpt/price_report_20260710_e.pdf,2026-08-28T17:33:11.504697+00:00
2026-07-13,Tomato,Wholesale,Pettah,400.0,CBSL Daily Price Report,https://www.cbsl.gov.lk/sites/default/files/cbslweb_documents/statistics/pricerpt/price_report_20260713_e.pdf,2026-08-28T17:33:11.504697+00:00
2026-07-13,Tomato,Wholesale,Dambulla,275.0,CBSL Daily Price Report,https://www.cbsl.gov.lk/sites/default/files/cbslweb_documents/statistics/pricerpt/price_report_20260713_e.pdf,2026-08-28T17:33:11.504697+00:00
2026-07-13,Tomato,Retail,Pettah,450.0,CBSL Daily Price Report,https://www.cbsl.gov.lk/sites/default/files/cbslweb_documents/statistics/pricerpt/price_report_20260713_e.pdf,2026-08-28T17:33:11.504697+00:00
2026-07-13,Tomato,Retail,Dambulla,305.0,CBSL Daily Price Report,https://www.cbsl.gov.lk/sites/default/files/cbslweb_documents/statistics/pricerpt/price_report_20260713_e.pdf,2026-08-28T17:33:11.504697+00:00
2026-07-14,Tomato,Wholesale,Pettah,400.0,CBSL Daily Price Report,https://www.cbsl.gov.lk/sites/default/files/cbslweb_documents/statistics/pricerpt/price_report_20260714_e.pdf,2026-08-28T17:33:11.504697+00:00
2026-07-14,Tomato,Wholesale,Dambulla,285.0,CBSL Daily Price Report,https://www.cbsl.gov.lk/sites/default/files/cbslweb_documents/statistics/pricerpt/price_report_20260714_e.pdf,2026-08-28T17:33:11.504697+00:00
2026-07-14,Tomato,Retail,Pettah,450.0,CBSL Daily Price Report,https://www.cbsl.gov.lk/sites/default/files/cbslweb_documents/statistics/pricerpt/price_report_20260714_e.pdf,2026-08-28T17:33:11.504697+00:00
2026-07-14,Tomato,Retail,Dambulla,315.0,CBSL Daily Price Report,https://www.cbsl.gov.lk/sites/default/files/cbslweb_documents/statistics/pricerpt/price_report_20260714_e.pdf,2026-08-28T17:33:11.504697+00:00
2026-07-15,Tomato,Wholesale,Pettah,350.0,CBSL Daily Price Report,https://www.cbsl.gov.lk/sites/default/files/cbslweb_documents/statistics/pricerpt/price_report_20260715_e.pdf,2026-08-28T17:33:11.504697+00:00
2026-07-15,Tomato,Wholesale,Dambulla,310.0,CBSL Daily Price Report,https://www.cbsl.gov.lk/sites/default/files/cbslweb_documents/statistics/pricerpt/price_report_20260715_e.pdf,2026-08-28T17:33:11.504697+00:00
2026-07-15,Tomato,Retail,Pettah,400.0,CBSL Daily Price Report,https://www.cbsl.gov.lk/sites/default/files/cbslweb_documents/statistics/pricerpt/price_report_20260715_e.pdf,2026-08-28T17:33:11.504697+00:00
2026-07-15,Tomato,Retail,Dambulla,340.0,CBSL Daily Price Report,https://www.cbsl.gov.lk/sites/default/files/cbslweb_documents/statistics/pricerpt/price_report_20260715_e.pdf,2026-08-28T17:33:11.504697+00:00
2026-07-16,Tomato,Wholesale,Pettah,300.0,CBSL Daily Price Report,https://www.cbsl.gov.lk/sites/default/files/cbslweb_documents/statistics/pricerpt/price_report_20260716_e.pdf,2026-08-28T17:33:11.504697+00:00
2026-07-16,Tomato,Wholesale,Dambulla,290.0,CBSL Daily Price Report,https://www.cbsl.gov.lk/sites/default/files/cbslweb_documents/statistics/pricerpt/price_report_20260716_e.pdf,2026-08-28T17:33:11.504697+00:00
2026-07-16,Tomato,Retail,Pettah,350.0,CBSL Daily Price Report,https://www.cbsl.gov.lk/sites/default/files/cbslweb_documents/statistics/pricerpt/price_report_20260716_e.pdf,2026-08-28T17:33:11.504697+00:00
2026-07-16,Tomato,Retail,Dambulla,320.0,CBSL Daily Price Report,https://www.cbsl.gov.lk/sites/default/files/cbslweb_documents/statistics/pricerpt/price_report_20260716_e.pdf,2026-08-28T17:33:11.504697+00:00
2026-07-17,Tomato,Wholesale,Pettah,300.0,CBSL Daily Price Report,https://www.cbsl.gov.lk/sites/default/files/cbslweb_documents/statistics/pricerpt/price_report_20260717_e.pdf,2026-08-28T17:33:11.504697+00:00
2026-07-17,Tomato,Wholesale,Dambulla,290.0,CBSL Daily Price Report,https://www.cbsl.gov.lk/sites/default/files/cbslweb_documents/statistics/pricerpt/price_report_20260717_e.pdf,2026-08-28T17:33:11.504697+00:00
2026-07-17,Tomato,Retail,Pettah,350.0,CBSL Daily Price Report,https://www.cbsl.gov.lk/sites/default/files/cbslweb_documents/statistics/pricerpt/price_report_20260717_e.pdf,2026-08-28T17:33:11.504697+00:00
2026-07-17,Tomato,Retail,Dambulla,320.0,CBSL Daily Price Report,https://www.cbsl.gov.lk/sites/default/files/cbslweb_documents/statistics/pricerpt/price_report_20260717_e.pdf,2026-08-28T17:33:11.504697+00:00
2026-07-20,Tomato,Wholesale,Pettah,400.0,CBSL Daily Price Report,https://www.cbsl.gov.lk/sites/default/files/cbslweb_documents/statistics/pricerpt/price_report_20260720_e.pdf,2026-08-28T17:33:11.504697+00:00
2026-07-20,Tomato,Wholesale,Dambulla,325.0,CBSL Daily Price Report,https://www.cbsl.gov.lk/sites/default/files/cbslweb_documents/statistics/pricerpt/price_report_20260720_e.pdf,2026-08-28T17:33:11.504697+00:00
2026-07-20,Tomato,Retail,Pettah,450.0,CBSL Daily Price Report,https://www.cbsl.gov.lk/sites/default/files/cbslweb_documents/statistics/pricerpt/price_report_20260720_e.pdf,2026-08-28T17:33:11.504697+00:00
2026-07-20,Tomato,Retail,Dambulla,355.0,CBSL Daily Price Report,https://www.cbsl.gov.lk/sites/default/files/cbslweb_documents/statistics/pricerpt/price_report_20260720_e.pdf,2026-08-28T17:33:11.504697+00:00
2026-07-21,Tomato,Wholesale,Pettah,400.0,CBSL Daily Price Report,https://www.cbsl.gov.lk/sites/default/files/cbslweb_documents/statistics/pricerpt/price_report_20260721_e.pdf,2026-08-28T17:33:11.504697+00:00
2026-07-21,Tomato,Wholesale,Dambulla,310.0,CBSL Daily Price Report,https://www.cbsl.gov.lk/sites/default/files/cbslweb_documents/statistics/pricerpt/price_report_20260721_e.pdf,2026-08-28T17:33:11.504697+00:00
2026-07-21,Tomato,Retail,Pettah,450.0,CBSL Daily Price Report,https://www.cbsl.gov.lk/sites/default/files/cbslweb_documents/statistics/pricerpt/price_report_20260721_e.pdf,2026-08-28T17:33:11.504697+00:00
2026-07-21,Tomato,Retail,Dambulla,340.0,CBSL Daily Price Report,https://www.cbsl.gov.lk/sites/default/files/cbslweb_documents/statistics/pricerpt/price_report_20260721_e.pdf,2026-08-28T17:33:11.504697+00:00
2026-07-23,Tomato,Wholesale,Pettah,350.0,CBSL Daily Price Report,https://www.cbsl.gov.lk/sites/default/files/cbslweb_documents/statistics/pricerpt/price_report_20260723_e.pdf,2026-08-28T17:33:11.504697+00:00
2026-07-23,Tomato,Wholesale,Dambulla,335.0,CBSL Daily Price Report,https://www.cbsl.gov.lk/sites/default/files/cbslweb_documents/statistics/pricerpt/price_report_20260723_e.pdf,2026-08-28T17:33:11.504697+00:00
2026-07-23,Tomato,Retail,Pettah,400.0,CBSL Daily Price Report,https://www.cbsl.gov.lk/sites/default/files/cbslweb_documents/statistics/pricerpt/price_report_20260723_e.pdf,2026-08-28T17:33:11.504697+00:00
2026-07-23,Tomato,Retail,Dambulla,365.0,CBSL Daily Price Report,https://www.cbsl.gov.lk/sites/default/files/cbslweb_documents/statistics/pricerpt/price_report_20260723_e.pdf,2026-08-28T17:33:11.504697+00:00
2026-07-24,Tomato,Wholesale,Pettah,350.0,CBSL Daily Price Report,https://www.cbsl.gov.lk/sites/default/files/cbslweb_documents/statistics/pricerpt/price_report_20260724_e.pdf,2026-08-28T17:33:11.504697+00:00
2026-07-24,Tomato,Wholesale,Dambulla,305.0,CBSL Daily Price Report,https://www.cbsl.gov.lk/sites/default/files/cbslweb_documents/statistics/pricerpt/price_report_20260724_e.pdf,2026-08-28T17:33:11.504697+00:00
2026-07-24,Tomato,Retail,Pettah,400.0,CBSL Daily Price Report,https://www.cbsl.gov.lk/sites/default/files/cbslweb_documents/statistics/pricerpt/price_report_20260724_e.pdf,2026-08-28T17:33:11.504697+00:00
2026-07-24,Tomato,Retail,Dambulla,335.0,CBSL Daily Price Report,https://www.cbsl.gov.lk/sites/default/files/cbslweb_documents/statistics/pricerpt/price_report_20260724_e.pdf,2026-08-28T17:33:11.504697+00:00
2026-07-27,Tomato,Wholesale,Pettah,400.0,CBSL Daily Price Report,https://www.cbsl.gov.lk/sites/default/files/cbslweb_documents/statistics/pricerpt/price_report_20260727_e.pdf,2026-08-28T17:33:11.504697+00:00
2026-07-27,Tomato,Wholesale,Dambulla,290.0,CBSL Daily Price Report,https://www.cbsl.gov.lk/sites/default/files/cbslweb_documents/statistics/pricerpt/price_report_20260727_e.pdf,2026-08-28T17:33:11.504697+00:00
2026-07-27,Tomato,Retail,Pettah,450.0,CBSL Daily Price Report,https://www.cbsl.gov.lk/sites/default/files/cbslweb_documents/statistics/pricerpt/price_report_20260727_e.pdf,2026-08-28T17:33:11.504697+00:00
2026-07-27,Tomato,Retail,Dambulla,320.0,CBSL Daily Price Report,https://www.cbsl.gov.lk/sites/default/files/cbslweb_documents/statistics/pricerpt/price_report_20260727_e.pdf,2026-08-28T17:33:11.504697+00:00
2026-07-28,Tomato,Wholesale,Pettah,300.0,CBSL Daily Price Report,https://www.cbsl.gov.lk/sites/default/files/cbslweb_documents/statistics/pricerpt/price_report_20260728_e.pdf,2026-08-28T17:33:11.504697+00:00
2026-07-28,Tomato,Wholesale,Dambulla,255.0,CBSL Daily Price Report,https://www.cbsl.gov.lk/sites/default/files/cbslweb_documents/statistics/pricerpt/price_report_20260728_e.pdf,2026-08-28T17:33:11.504697+00:00
2026-07-28,Tomato,Retail,Pettah,350.0,CBSL Daily Price Report,https://www.cbsl.gov.lk/sites/default/files/cbslweb_documents/statistics/pricerpt/price_report_20260728_e.pdf,2026-08-28T17:33:11.504697+00:00
2026-07-28,Tomato,Retail,Dambulla,285.0,CBSL Daily Price Report,https://www.cbsl.gov.lk/sites/default/files/cbslweb_documents/statistics/pricerpt/price_report_20260728_e.pdf,2026-08-28T17:33:11.504697+00:00
2026-07-30,Tomato,Wholesale,Pettah,350.0,CBSL Daily Price Report,https://www.cbsl.gov.lk/sites/default/files/cbslweb_documents/statistics/pricerpt/price_report_20260730_e.pdf,2026-08-28T17:33:11.504697+00:00
2026-07-30,Tomato,Wholesale,Dambulla,255.0,CBSL Daily Price Report,https://www.cbsl.gov.lk/sites/default/files/cbslweb_documents/statistics/pricerpt/price_report_20260730_e.pdf,2026-08-28T17:33:11.504697+00:00
2026-07-30,Tomato,Retail,Pettah,400.0,CBSL Daily Price Report,https://www.cbsl.gov.lk/sites/default/files/cbslweb_documents/statistics/pricerpt/price_report_20260730_e.pdf,2026-08-28T17:33:11.504697+00:00
2026-07-30,Tomato,Retail,Dambulla,285.0,CBSL Daily Price Report,https://www.cbsl.gov.lk/sites/default/files/cbslweb_documents/statistics/pricerpt/price_report_20260730_e.pdf,2026-08-28T17:33:11.504697+00:00
2026-07-31,Tomato,Wholesale,Pettah,300.0,CBSL Daily Price Report,https://www.cbsl.gov.lk/sites/default/files/cbslweb_documents/statistics/pricerpt/price_report_20260731_e.pdf,2026-08-28T17:33:11.504697+00:00
2026-07-31,Tomato,Wholesale,Dambulla,215.0,CBSL Daily Price Report,https://www.cbsl.gov.lk/sites/default/files/cbslweb_documents/statistics/pricerpt/price_report_20260731_e.pdf,2026-08-28T17:33:11.504697+00:00
2026-07-31,Tomato,Retail,Pettah,350.0,CBSL Daily Price Report,https://www.cbsl.gov.lk/sites/default/files/cbslweb_documents/statistics/pricerpt/price_report_20260731_e.pdf,2026-08-28T17:33:11.504697+00:00
2026-07-31,Tomato,Retail,Dambulla,245.0,CBSL Daily Price Report,https://www.cbsl.gov.lk/sites/default/files/cbslweb_documents/statistics/pricerpt/price_report_20260731_e.pdf,2026-08-28T17:33:11.504697+00:00
2026-08-03,Tomato,Wholesale,Pettah,300.0,CBSL Daily Price Report,https://www.cbsl.gov.lk/sites/default/files/cbslweb_documents/statistics/pricerpt/price_report_20260803_e.pdf,2026-08-28T17:33:11.504697+00:00
2026-08-03,Tomato,Wholesale,Dambulla,205.0,CBSL Daily Price Report,https://www.cbsl.gov.lk/sites/default/files/cbslweb_documents/statistics/pricerpt/price_report_20260803_e.pdf,2026-08-28T17:33:11.504697+00:00
2026-08-03,Tomato,Retail,Pettah,350.0,CBSL Daily Price Report,https://www.cbsl.gov.lk/sites/default/files/cbslweb_documents/statistics/pricerpt/price_report_20260803_e.pdf,2026-08-28T17:33:11.504697+00:00
2026-08-03,Tomato,Retail,Dambulla,235.0,CBSL Daily Price Report,https://www.cbsl.gov.lk/sites/default/files/cbslweb_documents/statistics/pricerpt/price_report_20260803_e.pdf,2026-08-28T17:33:11.504697+00:00
2026-08-04,Tomato,Wholesale,Pettah,250.0,CBSL Daily Price Report,https://www.cbsl.gov.lk/sites/default/files/cbslweb_documents/statistics/pricerpt/price_report_20260804_e.pdf,2026-08-28T17:33:11.504697+00:00
2026-08-04,Tomato,Wholesale,Dambulla,190.0,CBSL Daily Price Report,https://www.cbsl.gov.lk/sites/default/files/cbslweb_documents/statistics/pricerpt/price_report_20260804_e.pdf,2026-08-28T17:33:11.504697+00:00
2026-08-04,Tomato,Retail,Pettah,300.0,CBSL Daily Price Report,https://www.cbsl.gov.lk/sites/default/files/cbslweb_documents/statistics/pricerpt/price_report_20260804_e.pdf,2026-08-28T17:33:11.504697+00:00
2026-08-04,Tomato,Retail,Dambulla,220.0,CBSL Daily Price Report,https://www.cbsl.gov.lk/sites/default/files/cbslweb_documents/statistics/pricerpt/price_report_20260804_e.pdf,2026-08-28T17:33:11.504697+00:00
2026-08-05,Tomato,Wholesale,Pettah,250.0,CBSL Daily Price Report,https://www.cbsl.gov.lk/sites/default/files/cbslweb_documents/statistics/pricerpt/price_report_20260805_e.pdf,2026-08-28T17:33:11.504697+00:00
2026-08-05,Tomato,Wholesale,Dambulla,190.0,CBSL Daily Price Report,https://www.cbsl.gov.lk/sites/default/files/cbslweb_documents/statistics/pricerpt/price_report_20260805_e.pdf,2026-08-28T17:33:11.504697+00:00
2026-08-05,Tomato,Retail,Pettah,300.0,CBSL Daily Price Report,https://www.cbsl.gov.lk/sites/default/files/cbslweb_documents/statistics/pricerpt/price_report_20260805_e.pdf,2026-08-28T17:33:11.504697+00:00
2026-08-05,Tomato,Retail,Dambulla,220.0,CBSL Daily Price Report,https://www.cbsl.gov.lk/sites/default/files/cbslweb_documents/statistics/pricerpt/price_report_20260805_e.pdf,2026-08-28T17:33:11.504697+00:00
2026-08-06,Tomato,Wholesale,Pettah,250.0,CBSL Daily Price Report,https://www.cbsl.gov.lk/sites/default/files/cbslweb_documents/statistics/pricerpt/price_report_20260806_e.pdf,2026-08-28T17:33:11.504697+00:00
2026-08-06,Tomato,Wholesale,Dambulla,190.0,CBSL Daily Price Report,https://www.cbsl.gov.lk/sites/default/files/cbslweb_documents/statistics/pricerpt/price_report_20260806_e.pdf,2026-08-28T17:33:11.504697+00:00
2026-08-06,Tomato,Retail,Pettah,300.0,CBSL Daily Price Report,https://www.cbsl.gov.lk/sites/default/files/cbslweb_documents/statistics/pricerpt/price_report_20260806_e.pdf,2026-08-28T17:33:11.504697+00:00
2026-08-06,Tomato,Retail,Dambulla,220.0,CBSL Daily Price Report,https://www.cbsl.gov.lk/sites/default/files/cbslweb_documents/statistics/pricerpt/price_report_20260806_e.pdf,2026-08-28T17:33:11.504697+00:00
2026-08-07,Tomato,Wholesale,Pettah,250.0,CBSL Daily Price Report,https://www.cbsl.gov.lk/sites/default/files/cbslweb_documents/statistics/pricerpt/price_report_20260807_e.pdf,2026-08-28T17:33:11.504697+00:00
2026-08-07,Tomato,Wholesale,Dambulla,165.0,CBSL Daily Price Report,https://www.cbsl.gov.lk/sites/default/files/cbslweb_documents/statistics/pricerpt/price_report_20260807_e.pdf,2026-08-28T17:33:11.504697+00:00
2026-08-07,Tomato,Retail,Pettah,300.0,CBSL Daily Price Report,https://www.cbsl.gov.lk/sites/default/files/cbslweb_documents/statistics/pricerpt/price_report_20260807_e.pdf,2026-08-28T17:33:11.504697+00:00
2026-08-07,Tomato,Retail,Dambulla,195.0,CBSL Daily Price Report,https://www.cbsl.gov.lk/sites/default/files/cbslweb_documents/statistics/pricerpt/price_report_20260807_e.pdf,2026-08-28T17:33:11.504697+00:00
2026-08-10,Tomato,Wholesale,Pettah,300.0,CBSL Daily Price Report,https://www.cbsl.gov.lk/sites/default/files/cbslweb_documents/statistics/pricerpt/price_report_20260810_e.pdf,2026-08-28T17:33:11.504697+00:00
2026-08-10,Tomato,Wholesale,Dambulla,285.0,CBSL Daily Price Report,https://www.cbsl.gov.lk/sites/default/files/cbslweb_documents/statistics/pricerpt/price_report_20260810_e.pdf,2026-08-28T17:33:11.504697+00:00
2026-08-10,Tomato,Retail,Pettah,350.0,CBSL Daily Price Report,https://www.cbsl.gov.lk/sites/default/files/cbslweb_documents/statistics/pricerpt/price_report_20260810_e.pdf,2026-08-28T17:33:11.504697+00:00
2026-08-10,Tomato,Retail,Dambulla,315.0,CBSL Daily Price Report,https://www.cbsl.gov.lk/sites/default/files/cbslweb_documents/statistics/pricerpt/price_report_20260810_e.pdf,2026-08-28T17:33:11.504697+00:00
2026-08-11,Tomato,Wholesale,Pettah,350.0,CBSL Daily Price Report,https://www.cbsl.gov.lk/sites/default/files/cbslweb_documents/statistics/pricerpt/price_report_20260811_e.pdf,2026-08-28T17:33:11.504697+00:00
2026-08-11,Tomato,Wholesale,Dambulla,325.0,CBSL Daily Price Report,https://www.cbsl.gov.lk/sites/default/files/cbslweb_documents/statistics/pricerpt/price_report_20260811_e.pdf,2026-08-28T17:33:11.504697+00:00
2026-08-11,Tomato,Retail,Pettah,400.0,CBSL Daily Price Report,https://www.cbsl.gov.lk/sites/default/files/cbslweb_documents/statistics/pricerpt/price_report_20260811_e.pdf,2026-08-28T17:33:11.504697+00:00
2026-08-11,Tomato,Retail,Dambulla,355.0,CBSL Daily Price Report,https://www.cbsl.gov.lk/sites/default/files/cbslweb_documents/statistics/pricerpt/price_report_20260811_e.pdf,2026-08-28T17:33:11.504697+00:00
2026-08-12,Tomato,Wholesale,Pettah,350.0,CBSL Daily Price Report,https://www.cbsl.gov.lk/sites/default/files/cbslweb_documents/statistics/pricerpt/price_report_20260812_e.pdf,2026-08-28T17:33:11.504697+00:00
2026-08-12,Tomato,Wholesale,Dambulla,290.0,CBSL Daily Price Report,https://www.cbsl.gov.lk/sites/default/files/cbslweb_documents/statistics/pricerpt/price_report_20260812_e.pdf,2026-08-28T17:33:11.504697+00:00
2026-08-12,Tomato,Retail,Pettah,400.0,CBSL Daily Price Report,https://www.cbsl.gov.lk/sites/default/files/cbslweb_documents/statistics/pricerpt/price_report_20260812_e.pdf,2026-08-28T17:33:11.504697+00:00
2026-08-12,Tomato,Retail,Dambulla,320.0,CBSL Daily Price Report,https://www.cbsl.gov.lk/sites/default/files/cbslweb_documents/statistics/pricerpt/price_report_20260812_e.pdf,2026-08-28T17:33:11.504697+00:00
2026-08-13,Tomato,Wholesale,Pettah,400.0,CBSL Daily Price Report,https://www.cbsl.gov.lk/sites/default/files/cbslweb_documents/statistics/pricerpt/price_report_20260813_e.pdf,2026-08-28T17:33:11.504697+00:00
2026-08-13,Tomato,Wholesale,Dambulla,335.0,CBSL Daily Price Report,https://www.cbsl.gov.lk/sites/default/files/cbslweb_documents/statistics/pricerpt/price_report_20260813_e.pdf,2026-08-28T17:33:11.504697+00:00
2026-08-13,Tomato,Retail,Pettah,450.0,CBSL Daily Price Report,https://www.cbsl.gov.lk/sites/default/files/cbslweb_documents/statistics/pricerpt/price_report_20260813_e.pdf,2026-08-28T17:33:11.504697+00:00
2026-08-13,Tomato,Retail,Dambulla,365.0,CBSL Daily Price Report,https://www.cbsl.gov.lk/sites/default/files/cbslweb_documents/statistics/pricerpt/price_report_20260813_e.pdf,2026-08-28T17:33:11.504697+00:00
2026-05-14,Tomato,Wholesale,Pettah,500.0,CBSL Daily Price Report,https://www.cbsl.gov.lk/sites/default/files/cbslweb_documents/statistics/pricerpt/price_report_20260514_e.pdf,2026-08-28T17:38:59.985982+00:00
2026-05-14,Tomato,Wholesale,Dambulla,345.0,CBSL Daily Price Report,https://www.cbsl.gov.lk/sites/default/files/cbslweb_documents/statistics/pricerpt/price_report_20260514_e.pdf,2026-08-28T17:38:59.985982+00:00
2026-05-14,Tomato,Retail,Pettah,550.0,CBSL Daily Price Report,https://www.cbsl.gov.lk/sites/default/files/cbslweb_documents/statistics/pricerpt/price_report_20260514_e.pdf,2026-08-28T17:38:59.985982+00:00
2026-05-14,Tomato,Retail,Dambulla,375.0,CBSL Daily Price Report,https://www.cbsl.gov.lk/sites/default/files/cbslweb_documents/statistics/pricerpt/price_report_20260514_e.pdf,2026-08-28T17:38:59.985982+00:00
2026-05-15,Tomato,Wholesale,Pettah,500.0,CBSL Daily Price Report,https://www.cbsl.gov.lk/sites/default/files/cbslweb_documents/statistics/pricerpt/price_report_20260515_e.pdf,2026-08-28T17:38:59.985982+00:00
2026-05-15,Tomato,Wholesale,Dambulla,400.0,CBSL Daily Price Report,https://www.cbsl.gov.lk/sites/default/files/cbslweb_documents/statistics/pricerpt/price_report_20260515_e.pdf,2026-08-28T17:38:59.985982+00:00
2026-05-15,Tomato,Retail,Pettah,550.0,CBSL Daily Price Report,https://www.cbsl.gov.lk/sites/default/files/cbslweb_documents/statistics/pricerpt/price_report_20260515_e.pdf,2026-08-28T17:38:59.985982+00:00
2026-05-15,Tomato,Retail,Dambulla,430.0,CBSL Daily Price Report,https://www.cbsl.gov.lk/sites/default/files/cbslweb_documents/statistics/pricerpt/price_report_20260515_e.pdf,2026-08-28T17:38:59.985982+00:00
2026-05-21,Tomato,Wholesale,Pettah,320.0,CBSL Daily Price Report,https://www.cbsl.gov.lk/sites/default/files/cbslweb_documents/statistics/pricerpt/price_report_20260521_e.pdf,2026-08-28T17:38:59.985982+00:00
2026-05-21,Tomato,Wholesale,Dambulla,255.0,CBSL Daily Price Report,https://www.cbsl.gov.lk/sites/default/files/cbslweb_documents/statistics/pricerpt/price_report_20260521_e.pdf,2026-08-28T17:38:59.985982+00:00
2026-05-21,Tomato,Retail,Pettah,380.0,CBSL Daily Price Report,https://www.cbsl.gov.lk/sites/default/files/cbslweb_documents/statistics/pricerpt/price_report_20260521_e.pdf,2026-08-28T17:38:59.985982+00:00
2026-05-21,Tomato,Retail,Dambulla,285.0,CBSL Daily Price Report,https://www.cbsl.gov.lk/sites/default/files/cbslweb_documents/statistics/pricerpt/price_report_20260521_e.pdf,2026-08-28T17:38:59.985982+00:00
2026-05-25,Tomato,Wholesale,Pettah,350.0,CBSL Daily Price Report,https://www.cbsl.gov.lk/sites/default/files/cbslweb_documents/statistics/pricerpt/price_report_20260525_e.pdf,2026-08-28T17:38:59.985982+00:00
2026-05-25,Tomato,Wholesale,Dambulla,290.0,CBSL Daily Price Report,https://www.cbsl.gov.lk/sites/default/files/cbslweb_documents/statistics/pricerpt/price_report_20260525_e.pdf,2026-08-28T17:38:59.985982+00:00
2026-05-25,Tomato,Retail,Pettah,400.0,CBSL Daily Price Report,https://www.cbsl.gov.lk/sites/default/files/cbslweb_documents/statistics/pricerpt/price_report_20260525_e.pdf,2026-08-28T17:38:59.985982+00:00
2026-05-25,Tomato,Retail,Dambulla,320.0,CBSL Daily Price Report,https://www.cbsl.gov.lk/sites/default/files/cbslweb_documents/statistics/pricerpt/price_report_20260525_e.pdf,2026-08-28T17:38:59.985982+00:00
2026-05-26,Tomato,Wholesale,Pettah,350.0,CBSL Daily Price Report,https://www.cbsl.gov.lk/sites/default/files/cbslweb_documents/statistics/pricerpt/price_report_20260526_e.pdf,2026-08-28T17:38:59.985982+00:00
2026-05-26,Tomato,Wholesale,Dambulla,325.0,CBSL Daily Price Report,https://www.cbsl.gov.lk/sites/default/files/cbslweb_documents/statistics/pricerpt/price_report_20260526_e.pdf,2026-08-28T17:38:59.985982+00:00
2026-05-26,Tomato,Retail,Pettah,400.0,CBSL Daily Price Report,https://www.cbsl.gov.lk/sites/default/files/cbslweb_documents/statistics/pricerpt/price_report_20260526_e.pdf,2026-08-28T17:38:59.985982+00:00
2026-05-26,Tomato,Retail,Dambulla,345.0,CBSL Daily Price Report,https://www.cbsl.gov.lk/sites/default/files/cbslweb_documents/statistics/pricerpt/price_report_20260526_e.pdf,2026-08-28T17:38:59.985982+00:00
2026-05-27,Tomato,Wholesale,Pettah,400.0,CBSL Daily Price Report,https://www.cbsl.gov.lk/sites/default/files/cbslweb_documents/statistics/pricerpt/price_report_20260527_e.pdf,2026-08-28T17:38:59.985982+00:00
2026-05-27,Tomato,Wholesale,Dambulla,295.0,CBSL Daily Price Report,https://www.cbsl.gov.lk/sites/default/files/cbslweb_documents/statistics/pricerpt/price_report_20260527_e.pdf,2026-08-28T17:38:59.985982+00:00
2026-05-27,Tomato,Retail,Pettah,450.0,CBSL Daily Price Report,https://www.cbsl.gov.lk/sites/default/files/cbslweb_documents/statistics/pricerpt/price_report_20260527_e.pdf,2026-08-28T17:38:59.985982+00:00
2026-05-27,Tomato,Retail,Dambulla,325.0,CBSL Daily Price Report,https://www.cbsl.gov.lk/sites/default/files/cbslweb_documents/statistics/pricerpt/price_report_20260527_e.pdf,2026-08-28T17:38:59.985982+00:00
2026-05-29,Tomato,Wholesale,Pettah,400.0,CBSL Daily Price Report,https://www.cbsl.gov.lk/sites/default/files/cbslweb_documents/statistics/pricerpt/price_report_20260529_e.pdf,2026-08-28T17:38:59.985982+00:00
2026-05-29,Tomato,Wholesale,Dambulla,275.0,CBSL Daily Price Report,https://www.cbsl.gov.lk/sites/default/files/cbslweb_documents/statistics/pricerpt/price_report_20260529_e.pdf,2026-08-28T17:38:59.985982+00:00
2026-05-29,Tomato,Retail,Pettah,450.0,CBSL Daily Price Report,https://www.cbsl.gov.lk/sites/default/files/cbslweb_documents/statistics/pricerpt/price_report_20260529_e.pdf,2026-08-28T17:38:59.985982+00:00
2026-05-29,Tomato,Retail,Dambulla,305.0,CBSL Daily Price Report,https://www.cbsl.gov.lk/sites/default/files/cbslweb_documents/statistics/pricerpt/price_report_20260529_e.pdf,2026-08-28T17:38:59.985982+00:00
2026-06-01,Tomato,Wholesale,Pettah,400.0,CBSL Daily Price Report,https://www.cbsl.gov.lk/sites/default/files/cbslweb_documents/statistics/pricerpt/price_report_20260601_e.pdf,2026-08-28T17:38:59.985982+00:00
2026-06-01,Tomato,Wholesale,Dambulla,340.0,CBSL Daily Price Report,https://www.cbsl.gov.lk/sites/default/files/cbslweb_documents/statistics/pricerpt/price_report_20260601_e.pdf,2026-08-28T17:38:59.985982+00:00
2026-06-01,Tomato,Retail,Pettah,450.0,CBSL Daily Price Report,https://www.cbsl.gov.lk/sites/default/files/cbslweb_documents/statistics/pricerpt/price_report_20260601_e.pdf,2026-08-28T17:38:59.985982+00:00
2026-06-01,Tomato,Retail,Dambulla,370.0,CBSL Daily Price Report,https://www.cbsl.gov.lk/sites/default/files/cbslweb_documents/statistics/pricerpt/price_report_20260601_e.pdf,2026-08-28T17:38:59.985982+00:00
2026-06-02,Tomato,Wholesale,Pettah,400.0,CBSL Daily Price Report,https://www.cbsl.gov.lk/sites/default/files/cbslweb_documents/statistics/pricerpt/price_report_20260602_e.pdf,2026-08-28T17:38:59.985982+00:00
2026-06-02,Tomato,Wholesale,Dambulla,390.0,CBSL Daily Price Report,https://www.cbsl.gov.lk/sites/default/files/cbslweb_documents/statistics/pricerpt/price_report_20260602_e.pdf,2026-08-28T17:38:59.985982+00:00
2026-06-02,Tomato,Retail,Pettah,450.0,CBSL Daily Price Report,https://www.cbsl.gov.lk/sites/default/files/cbslweb_documents/statistics/pricerpt/price_report_20260602_e.pdf,2026-08-28T17:38:59.985982+00:00
2026-06-02,Tomato,Retail,Dambulla,420.0,CBSL Daily Price Report,https://www.cbsl.gov.lk/sites/default/files/cbslweb_documents/statistics/pricerpt/price_report_20260602_e.pdf,2026-08-28T17:38:59.985982+00:00
2026-06-03,Tomato,Wholesale,Pettah,450.0,CBSL Daily Price Report,https://www.cbsl.gov.lk/sites/default/files/cbslweb_documents/statistics/pricerpt/price_report_20260603_e.pdf,2026-08-28T17:38:59.985982+00:00
2026-06-03,Tomato,Wholesale,Dambulla,400.0,CBSL Daily Price Report,https://www.cbsl.gov.lk/sites/default/files/cbslweb_documents/statistics/pricerpt/price_report_20260603_e.pdf,2026-08-28T17:38:59.985982+00:00
2026-06-03,Tomato,Retail,Pettah,500.0,CBSL Daily Price Report,https://www.cbsl.gov.lk/sites/default/files/cbslweb_documents/statistics/pricerpt/price_report_20260603_e.pdf,2026-08-28T17:38:59.985982+00:00
2026-06-03,Tomato,Retail,Dambulla,430.0,CBSL Daily Price Report,https://www.cbsl.gov.lk/sites/default/files/cbslweb_documents/statistics/pricerpt/price_report_20260603_e.pdf,2026-08-28T17:38:59.985982+00:00
2026-06-04,Tomato,Wholesale,Pettah,600.0,CBSL Daily Price Report,https://www.cbsl.gov.lk/sites/default/files/cbslweb_documents/statistics/pricerpt/price_report_20260604_e.pdf,2026-08-28T17:38:59.985982+00:00
2026-06-04,Tomato,Wholesale,Dambulla,575.0,CBSL Daily Price Report,https://www.cbsl.gov.lk/sites/default/files/cbslweb_documents/statistics/pricerpt/price_report_20260604_e.pdf,2026-08-28T17:38:59.985982+00:00
2026-06-04,Tomato,Retail,Pettah,650.0,CBSL Daily Price Report,https://www.cbsl.gov.lk/sites/default/files/cbslweb_documents/statistics/pricerpt/price_report_20260604_e.pdf,2026-08-28T17:38:59.985982+00:00
2026-06-04,Tomato,Retail,Dambulla,605.0,CBSL Daily Price Report,https://www.cbsl.gov.lk/sites/default/files/cbslweb_documents/statistics/pricerpt/price_report_20260604_e.pdf,2026-08-28T17:38:59.985982+00:00
2026-06-16,Tomato,Wholesale,Pettah,750.0,CBSL Daily Price Report,https://www.cbsl.gov.lk/sites/default/files/cbslweb_documents/statistics/pricerpt/price_report_20260616_e.pdf,2026-08-28T17:38:59.985982+00:00
2026-06-16,Tomato,Wholesale,Dambulla,600.0,CBSL Daily Price Report,https://www.cbsl.gov.lk/sites/default/files/cbslweb_documents/statistics/pricerpt/price_report_20260616_e.pdf,2026-08-28T17:38:59.985982+00:00
2026-06-16,Tomato,Retail,Pettah,800.0,CBSL Daily Price Report,https://www.cbsl.gov.lk/sites/default/files/cbslweb_documents/statistics/pricerpt/price_report_20260616_e.pdf,2026-08-28T17:38:59.985982+00:00
2026-06-16,Tomato,Retail,Dambulla,630.0,CBSL Daily Price Report,https://www.cbsl.gov.lk/sites/default/files/cbslweb_documents/statistics/pricerpt/price_report_20260616_e.pdf,2026-08-28T17:38:59.985982+00:00
2026-06-17,Tomato,Wholesale,Pettah,750.0,CBSL Daily Price Report,https://www.cbsl.gov.lk/sites/default/files/cbslweb_documents/statistics/pricerpt/price_report_20260617_e.pdf,2026-08-28T17:38:59.985982+00:00
2026-06-17,Tomato,Wholesale,Dambulla,600.0,CBSL Daily Price Report,https://www.cbsl.gov.lk/sites/default/files/cbslweb_documents/statistics/pricerpt/price_report_20260617_e.pdf,2026-08-28T17:38:59.985982+00:00
2026-06-17,Tomato,Retail,Pettah,800.0,CBSL Daily Price Report,https://www.cbsl.gov.lk/sites/default/files/cbslweb_documents/statistics/pricerpt/price_report_20260617_e.pdf,2026-08-28T17:38:59.985982+00:00
2026-06-17,Tomato,Retail,Dambulla,630.0,CBSL Daily Price Report,https://www.cbsl.gov.lk/sites/default/files/cbslweb_documents/statistics/pricerpt/price_report_20260617_e.pdf,2026-08-28T17:38:59.985982+00:00
2026-06-18,Tomato,Wholesale,Pettah,750.0,CBSL Daily Price Report,https://www.cbsl.gov.lk/sites/default/files/cbslweb_documents/statistics/pricerpt/price_report_20260618_e.pdf,2026-08-28T17:38:59.985982+00:00
2026-06-18,Tomato,Wholesale,Dambulla,625.0,CBSL Daily Price Report,https://www.cbsl.gov.lk/sites/default/files/cbslweb_documents/statistics/pricerpt/price_report_20260618_e.pdf,2026-08-28T17:38:59.985982+00:00
2026-06-18,Tomato,Retail,Pettah,800.0,CBSL Daily Price Report,https://www.cbsl.gov.lk/sites/default/files/cbslweb_documents/statistics/pricerpt/price_report_20260618_e.pdf,2026-08-28T17:38:59.985982+00:00
2026-06-18,Tomato,Retail,Dambulla,655.0,CBSL Daily Price Report,https://www.cbsl.gov.lk/sites/default/files/cbslweb_documents/statistics/pricerpt/price_report_20260618_e.pdf,2026-08-28T17:38:59.985982+00:00
2026-06-19,Tomato,Wholesale,Pettah,750.0,CBSL Daily Price Report,https://www.cbsl.gov.lk/sites/default/files/cbslweb_documents/statistics/pricerpt/price_report_20260619_e.pdf,2026-08-28T17:38:59.985982+00:00
2026-06-19,Tomato,Wholesale,Dambulla,575.0,CBSL Daily Price Report,https://www.cbsl.gov.lk/sites/default/files/cbslweb_documents/statistics/pricerpt/price_report_20260619_e.pdf,2026-08-28T17:38:59.985982+00:00
2026-06-19,Tomato,Retail,Pettah,800.0,CBSL Daily Price Report,https://www.cbsl.gov.lk/sites/default/files/cbslweb_documents/statistics/pricerpt/price_report_20260619_e.pdf,2026-08-28T17:38:59.985982+00:00
2026-06-19,Tomato,Retail,Dambulla,605.0,CBSL Daily Price Report,https://www.cbsl.gov.lk/sites/default/files/cbslweb_documents/statistics/pricerpt/price_report_20260619_e.pdf,2026-08-28T17:38:59.985982+00:00
2026-06-24,Tomato,Wholesale,Pettah,750.0,CBSL Daily Price Report,https://www.cbsl.gov.lk/sites/default/files/cbslweb_documents/statistics/pricerpt/price_report_20260624_e.pdf,2026-08-28T17:38:59.985982+00:00
2026-06-24,Tomato,Wholesale,Dambulla,450.0,CBSL Daily Price Report,https://www.cbsl.gov.lk/sites/default/files/cbslweb_documents/statistics/pricerpt/price_report_20260624_e.pdf,2026-08-28T17:38:59.985982+00:00
2026-06-24,Tomato,Retail,Pettah,800.0,CBSL Daily Price Report,https://www.cbsl.gov.lk/sites/default/files/cbslweb_documents/statistics/pricerpt/price_report_20260624_e.pdf,2026-08-28T17:38:59.985982+00:00
2026-06-24,Tomato,Retail,Dambulla,480.0,CBSL Daily Price Report,https://www.cbsl.gov.lk/sites/default/files/cbslweb_documents/statistics/pricerpt/price_report_20260624_e.pdf,2026-08-28T17:38:59.985982+00:00
2026-06-25,Tomato,Wholesale,Pettah,500.0,CBSL Daily Price Report,https://www.cbsl.gov.lk/sites/default/files/cbslweb_documents/statistics/pricerpt/price_report_20260625_e.pdf,2026-08-28T17:38:59.985982+00:00
2026-06-25,Tomato,Wholesale,Dambulla,475.0,CBSL Daily Price Report,https://www.cbsl.gov.lk/sites/default/files/cbslweb_documents/statistics/pricerpt/price_report_20260625_e.pdf,2026-08-28T17:38:59.985982+00:00
2026-06-25,Tomato,Retail,Pettah,600.0,CBSL Daily Price Report,https://www.cbsl.gov.lk/sites/default/files/cbslweb_documents/statistics/pricerpt/price_report_20260625_e.pdf,2026-08-28T17:38:59.985982+00:00
2026-06-25,Tomato,Retail,Dambulla,505.0,CBSL Daily Price Report,https://www.cbsl.gov.lk/sites/default/files/cbslweb_documents/statistics/pricerpt/price_report_20260625_e.pdf,2026-08-28T17:38:59.985982+00:00
2026-06-26,Tomato,Wholesale,Pettah,450.0,CBSL Daily Price Report,https://www.cbsl.gov.lk/sites/default/files/cbslweb_documents/statistics/pricerpt/price_report_20260626_e.pdf,2026-08-28T17:38:59.985982+00:00
2026-06-26,Tomato,Wholesale,Dambulla,450.0,CBSL Daily Price Report,https://www.cbsl.gov.lk/sites/default/files/cbslweb_documents/statistics/pricerpt/price_report_20260626_e.pdf,2026-08-28T17:38:59.985982+00:00
2026-06-26,Tomato,Retail,Pettah,500.0,CBSL Daily Price Report,https://www.cbsl.gov.lk/sites/default/files/cbslweb_documents/statistics/pricerpt/price_report_20260626_e.pdf,2026-08-28T17:38:59.985982+00:00
2026-06-26,Tomato,Retail,Dambulla,480.0,CBSL Daily Price Report,https://www.cbsl.gov.lk/sites/default/files/cbslweb_documents/statistics/pricerpt/price_report_20260626_e.pdf,2026-08-28T17:38:59.985982+00:00
2026-06-30,Tomato,Wholesale,Pettah,500.0,CBSL Daily Price Report,https://www.cbsl.gov.lk/sites/default/files/cbslweb_documents/statistics/pricerpt/price_report_20260630_e.pdf,2026-08-28T17:38:59.985982+00:00
2026-06-30,Tomato,Retail,Pettah,600.0,CBSL Daily Price Report,https://www.cbsl.gov.lk/sites/default/files/cbslweb_documents/statistics/pricerpt/price_report_20260630_e.pdf,2026-08-28T17:38:59.985982+00:00
2026-07-01,Tomato,Wholesale,Pettah,350.0,CBSL Daily Price Report,https://www.cbsl.gov.lk/sites/default/files/cbslweb_documents/statistics/pricerpt/price_report_20260701_e.pdf,2026-08-28T17:38:59.985982+00:00
2026-07-01,Tomato,Wholesale,Dambulla,240.0,CBSL Daily Price Report,https://www.cbsl.gov.lk/sites/default/files/cbslweb_documents/statistics/pricerpt/price_report_20260701_e.pdf,2026-08-28T17:38:59.985982+00:00
2026-07-01,Tomato,Retail,Pettah,450.0,CBSL Daily Price Report,https://www.cbsl.gov.lk/sites/default/files/cbslweb_documents/statistics/pricerpt/price_report_20260701_e.pdf,2026-08-28T17:38:59.985982+00:00
2026-07-01,Tomato,Retail,Dambulla,270.0,CBSL Daily Price Report,https://www.cbsl.gov.lk/sites/default/files/cbslweb_documents/statistics/pricerpt/price_report_20260701_e.pdf,2026-08-28T17:38:59.985982+00:00
2026-07-22,Tomato,Wholesale,Pettah,400.0,CBSL Daily Price Report,https://www.cbsl.gov.lk/sites/default/files/cbslweb_documents/statistics/pricerpt/price_report_20260722_e.pdf,2026-08-28T17:38:59.985982+00:00
2026-07-22,Tomato,Wholesale,Dambulla,300.0,CBSL Daily Price Report,https://www.cbsl.gov.lk/sites/default/files/cbslweb_documents/statistics/pricerpt/price_report_20260722_e.pdf,2026-08-28T17:38:59.985982+00:00
2026-07-22,Tomato,Retail,Pettah,450.0,CBSL Daily Price Report,https://www.cbsl.gov.lk/sites/default/files/cbslweb_documents/statistics/pricerpt/price_report_20260722_e.pdf,2026-08-28T17:38:59.985982+00:00
2026-07-22,Tomato,Retail,Dambulla,330.0,CBSL Daily Price Report,https://www.cbsl.gov.lk/sites/default/files/cbslweb_documents/statistics/pricerpt/price_report_20260722_e.pdf,2026-08-28T17:38:59.985982+00:00
2026-03-11,Tomato,Wholesale,Pettah,80.0,CBSL Daily Price Report,https://www.cbsl.gov.lk/sites/default/files/cbslweb_documents/statistics/pricerpt/price_report_20260311_e.pdf,2026-08-28T17:40:09.457666+00:00
2026-03-11,Tomato,Wholesale,Dambulla,70.0,CBSL Daily Price Report,https://www.cbsl.gov.lk/sites/default/files/cbslweb_documents/statistics/pricerpt/price_report_20260311_e.pdf,2026-08-28T17:40:09.457666+00:00
2026-03-11,Tomato,Retail,Pettah,130.0,CBSL Daily Price Report,https://www.cbsl.gov.lk/sites/default/files/cbslweb_documents/statistics/pricerpt/price_report_20260311_e.pdf,2026-08-28T17:40:09.457666+00:00
2026-03-11,Tomato,Retail,Dambulla,100.0,CBSL Daily Price Report,https://www.cbsl.gov.lk/sites/default/files/cbslweb_documents/statistics/pricerpt/price_report_20260311_e.pdf,2026-08-28T17:40:09.457666+00:00
2026-03-12,Tomato,Wholesale,Pettah,80.0,CBSL Daily Price Report,https://www.cbsl.gov.lk/sites/default/files/cbslweb_documents/statistics/pricerpt/price_report_20260312_e.pdf,2026-08-28T17:40:09.457666+00:00
2026-03-12,Tomato,Wholesale,Dambulla,45.0,CBSL Daily Price Report,https://www.cbsl.gov.lk/sites/default/files/cbslweb_documents/statistics/pricerpt/price_report_20260312_e.pdf,2026-08-28T17:40:09.457666+00:00
2026-03-12,Tomato,Retail,Pettah,130.0,CBSL Daily Price Report,https://www.cbsl.gov.lk/sites/default/files/cbslweb_documents/statistics/pricerpt/price_report_20260312_e.pdf,2026-08-28T17:40:09.457666+00:00
2026-03-12,Tomato,Retail,Dambulla,75.0,CBSL Daily Price Report,https://www.cbsl.gov.lk/sites/default/files/cbslweb_documents/statistics/pricerpt/price_report_20260312_e.pdf,2026-08-28T17:40:09.457666+00:00
2026-03-13,Tomato,Wholesale,Pettah,80.0,CBSL Daily Price Report,https://www.cbsl.gov.lk/sites/default/files/cbslweb_documents/statistics/pricerpt/price_report_20260313_e.pdf,2026-08-28T17:40:09.457666+00:00
2026-03-13,Tomato,Wholesale,Dambulla,55.0,CBSL Daily Price Report,https://www.cbsl.gov.lk/sites/default/files/cbslweb_documents/statistics/pricerpt/price_report_20260313_e.pdf,2026-08-28T17:40:09.457666+00:00
2026-03-13,Tomato,Retail,Pettah,130.0,CBSL Daily Price Report,https://www.cbsl.gov.lk/sites/default/files/cbslweb_documents/statistics/pricerpt/price_report_20260313_e.pdf,2026-08-28T17:40:09.457666+00:00
2026-03-13,Tomato,Retail,Dambulla,85.0,CBSL Daily Price Report,https://www.cbsl.gov.lk/sites/default/files/cbslweb_documents/statistics/pricerpt/price_report_20260313_e.pdf,2026-08-28T17:40:09.457666+00:00
2026-03-16,Tomato,Wholesale,Pettah,100.0,CBSL Daily Price Report,https://www.cbsl.gov.lk/sites/default/files/cbslweb_documents/statistics/pricerpt/price_report_20260316_e.pdf,2026-08-28T17:40:09.457666+00:00
2026-03-16,Tomato,Wholesale,Dambulla,65.0,CBSL Daily Price Report,https://www.cbsl.gov.lk/sites/default/files/cbslweb_documents/statistics/pricerpt/price_report_20260316_e.pdf,2026-08-28T17:40:09.457666+00:00
2026-03-16,Tomato,Retail,Pettah,150.0,CBSL Daily Price Report,https://www.cbsl.gov.lk/sites/default/files/cbslweb_documents/statistics/pricerpt/price_report_20260316_e.pdf,2026-08-28T17:40:09.457666+00:00
2026-03-16,Tomato,Retail,Dambulla,95.0,CBSL Daily Price Report,https://www.cbsl.gov.lk/sites/default/files/cbslweb_documents/statistics/pricerpt/price_report_20260316_e.pdf,2026-08-28T17:40:09.457666+00:00
2026-03-17,Tomato,Wholesale,Pettah,100.0,CBSL Daily Price Report,https://www.cbsl.gov.lk/sites/default/files/cbslweb_documents/statistics/pricerpt/price_report_20260317_e.pdf,2026-08-28T17:40:09.457666+00:00
2026-03-17,Tomato,Wholesale,Dambulla,60.0,CBSL Daily Price Report,https://www.cbsl.gov.lk/sites/default/files/cbslweb_documents/statistics/pricerpt/price_report_20260317_e.pdf,2026-08-28T17:40:09.457666+00:00
2026-03-17,Tomato,Retail,Pettah,150.0,CBSL Daily Price Report,https://www.cbsl.gov.lk/sites/default/files/cbslweb_documents/statistics/pricerpt/price_report_20260317_e.pdf,2026-08-28T17:40:09.457666+00:00
2026-03-17,Tomato,Retail,Dambulla,90.0,CBSL Daily Price Report,https://www.cbsl.gov.lk/sites/default/files/cbslweb_documents/statistics/pricerpt/price_report_20260317_e.pdf,2026-08-28T17:40:09.457666+00:00
2026-03-18,Tomato,Wholesale,Pettah,80.0,CBSL Daily Price Report,https://www.cbsl.gov.lk/sites/default/files/cbslweb_documents/statistics/pricerpt/price_report_20260318_e.pdf,2026-08-28T17:40:09.457666+00:00
2026-03-18,Tomato,Wholesale,Dambulla,80.0,CBSL Daily Price Report,https://www.cbsl.gov.lk/sites/default/files/cbslweb_documents/statistics/pricerpt/price_report_20260318_e.pdf,2026-08-28T17:40:09.457666+00:00
2026-03-18,Tomato,Retail,Pettah,130.0,CBSL Daily Price Report,https://www.cbsl.gov.lk/sites/default/files/cbslweb_documents/statistics/pricerpt/price_report_20260318_e.pdf,2026-08-28T17:40:09.457666+00:00
2026-03-18,Tomato,Retail,Dambulla,110.0,CBSL Daily Price Report,https://www.cbsl.gov.lk/sites/default/files/cbslweb_documents/statistics/pricerpt/price_report_20260318_e.pdf,2026-08-28T17:40:09.457666+00:00
2026-03-19,Tomato,Wholesale,Pettah,80.0,CBSL Daily Price Report,https://www.cbsl.gov.lk/sites/default/files/cbslweb_documents/statistics/pricerpt/price_report_20260319_e.pdf,2026-08-28T17:40:09.457666+00:00
2026-03-19,Tomato,Wholesale,Dambulla,48.0,CBSL Daily Price Report,https://www.cbsl.gov.lk/sites/default/files/cbslweb_documents/statistics/pricerpt/price_report_20260319_e.pdf,2026-08-28T17:40:09.457666+00:00
2026-03-19,Tomato,Retail,Pettah,130.0,CBSL Daily Price Report,https://www.cbsl.gov.lk/sites/default/files/cbslweb_documents/statistics/pricerpt/price_report_20260319_e.pdf,2026-08-28T17:40:09.457666+00:00
2026-03-19,Tomato,Retail,Dambulla,78.0,CBSL Daily Price Report,https://www.cbsl.gov.lk/sites/default/files/cbslweb_documents/statistics/pricerpt/price_report_20260319_e.pdf,2026-08-28T17:40:09.457666+00:00
2026-03-20,Tomato,Wholesale,Pettah,80.0,CBSL Daily Price Report,https://www.cbsl.gov.lk/sites/default/files/cbslweb_documents/statistics/pricerpt/price_report_20260320_e.pdf,2026-08-28T17:40:09.457666+00:00
2026-03-20,Tomato,Wholesale,Dambulla,65.0,CBSL Daily Price Report,https://www.cbsl.gov.lk/sites/default/files/cbslweb_documents/statistics/pricerpt/price_report_20260320_e.pdf,2026-08-28T17:40:09.457666+00:00
2026-03-20,Tomato,Retail,Pettah,130.0,CBSL Daily Price Report,https://www.cbsl.gov.lk/sites/default/files/cbslweb_documents/statistics/pricerpt/price_report_20260320_e.pdf,2026-08-28T17:40:09.457666+00:00
2026-03-20,Tomato,Retail,Dambulla,95.0,CBSL Daily Price Report,https://www.cbsl.gov.lk/sites/default/files/cbslweb_documents/statistics/pricerpt/price_report_20260320_e.pdf,2026-08-28T17:40:09.457666+00:00
2026-03-23,Tomato,Wholesale,Pettah,80.0,CBSL Daily Price Report,https://www.cbsl.gov.lk/sites/default/files/cbslweb_documents/statistics/pricerpt/price_report_20260323_e.pdf,2026-08-28T17:40:09.457666+00:00
2026-03-23,Tomato,Wholesale,Dambulla,45.0,CBSL Daily Price Report,https://www.cbsl.gov.lk/sites/default/files/cbslweb_documents/statistics/pricerpt/price_report_20260323_e.pdf,2026-08-28T17:40:09.457666+00:00
2026-03-23,Tomato,Retail,Pettah,130.0,CBSL Daily Price Report,https://www.cbsl.gov.lk/sites/default/files/cbslweb_documents/statistics/pricerpt/price_report_20260323_e.pdf,2026-08-28T17:40:09.457666+00:00
2026-03-23,Tomato,Retail,Dambulla,75.0,CBSL Daily Price Report,https://www.cbsl.gov.lk/sites/default/files/cbslweb_documents/statistics/pricerpt/price_report_20260323_e.pdf,2026-08-28T17:40:09.457666+00:00
2026-03-24,Tomato,Wholesale,Pettah,80.0,CBSL Daily Price Report,https://www.cbsl.gov.lk/sites/default/files/cbslweb_documents/statistics/pricerpt/price_report_20260324_e.pdf,2026-08-28T17:40:09.457666+00:00
2026-03-24,Tomato,Wholesale,Dambulla,45.0,CBSL Daily Price Report,https://www.cbsl.gov.lk/sites/default/files/cbslweb_documents/statistics/pricerpt/price_report_20260324_e.pdf,2026-08-28T17:40:09.457666+00:00
2026-03-24,Tomato,Retail,Pettah,130.0,CBSL Daily Price Report,https://www.cbsl.gov.lk/sites/default/files/cbslweb_documents/statistics/pricerpt/price_report_20260324_e.pdf,2026-08-28T17:40:09.457666+00:00
2026-03-24,Tomato,Retail,Dambulla,75.0,CBSL Daily Price Report,https://www.cbsl.gov.lk/sites/default/files/cbslweb_documents/statistics/pricerpt/price_report_20260324_e.pdf,2026-08-28T17:40:09.457666+00:00
2026-03-25,Tomato,Wholesale,Pettah,70.0,CBSL Daily Price Report,https://www.cbsl.gov.lk/sites/default/files/cbslweb_documents/statistics/pricerpt/price_report_20260325_e.pdf,2026-08-28T17:40:09.457666+00:00
2026-03-25,Tomato,Wholesale,Dambulla,38.0,CBSL Daily Price Report,https://www.cbsl.gov.lk/sites/default/files/cbslweb_documents/statistics/pricerpt/price_report_20260325_e.pdf,2026-08-28T17:40:09.457666+00:00
2026-03-25,Tomato,Retail,Pettah,120.0,CBSL Daily Price Report,https://www.cbsl.gov.lk/sites/default/files/cbslweb_documents/statistics/pricerpt/price_report_20260325_e.pdf,2026-08-28T17:40:09.457666+00:00
2026-03-25,Tomato,Retail,Dambulla,68.0,CBSL Daily Price Report,https://www.cbsl.gov.lk/sites/default/files/cbslweb_documents/statistics/pricerpt/price_report_20260325_e.pdf,2026-08-28T17:40:09.457666+00:00
2026-03-26,Tomato,Wholesale,Pettah,60.0,CBSL Daily Price Report,https://www.cbsl.gov.lk/sites/default/files/cbslweb_documents/statistics/pricerpt/price_report_20260326_e.pdf,2026-08-28T17:40:09.457666+00:00
2026-03-26,Tomato,Wholesale,Dambulla,40.0,CBSL Daily Price Report,https://www.cbsl.gov.lk/sites/default/files/cbslweb_documents/statistics/pricerpt/price_report_20260326_e.pdf,2026-08-28T17:40:09.457666+00:00
2026-03-26,Tomato,Retail,Pettah,100.0,CBSL Daily Price Report,https://www.cbsl.gov.lk/sites/default/files/cbslweb_documents/statistics/pricerpt/price_report_20260326_e.pdf,2026-08-28T17:40:09.457666+00:00
2026-03-26,Tomato,Retail,Dambulla,70.0,CBSL Daily Price Report,https://www.cbsl.gov.lk/sites/default/files/cbslweb_documents/statistics/pricerpt/price_report_20260326_e.pdf,2026-08-28T17:40:09.457666+00:00
2026-03-27,Tomato,Wholesale,Pettah,70.0,CBSL Daily Price Report,https://www.cbsl.gov.lk/sites/default/files/cbslweb_documents/statistics/pricerpt/price_report_20260327_e.pdf,2026-08-28T17:40:09.457666+00:00
2026-03-27,Tomato,Wholesale,Dambulla,45.0,CBSL Daily Price Report,https://www.cbsl.gov.lk/sites/default/files/cbslweb_documents/statistics/pricerpt/price_report_20260327_e.pdf,2026-08-28T17:40:09.457666+00:00
2026-03-27,Tomato,Retail,Pettah,100.0,CBSL Daily Price Report,https://www.cbsl.gov.lk/sites/default/files/cbslweb_documents/statistics/pricerpt/price_report_20260327_e.pdf,2026-08-28T17:40:09.457666+00:00
2026-03-27,Tomato,Retail,Dambulla,75.0,CBSL Daily Price Report,https://www.cbsl.gov.lk/sites/default/files/cbslweb_documents/statistics/pricerpt/price_report_20260327_e.pdf,2026-08-28T17:40:09.457666+00:00
2026-03-30,Tomato,Wholesale,Pettah,70.0,CBSL Daily Price Report,https://www.cbsl.gov.lk/sites/default/files/cbslweb_documents/statistics/pricerpt/price_report_20260330_e.pdf,2026-08-28T17:40:09.457666+00:00
2026-03-30,Tomato,Wholesale,Dambulla,75.0,CBSL Daily Price Report,https://www.cbsl.gov.lk/sites/default/files/cbslweb_documents/statistics/pricerpt/price_report_20260330_e.pdf,2026-08-28T17:40:09.457666+00:00
2026-03-30,Tomato,Retail,Pettah,100.0,CBSL Daily Price Report,https://www.cbsl.gov.lk/sites/default/files/cbslweb_documents/statistics/pricerpt/price_report_20260330_e.pdf,2026-08-28T17:40:09.457666+00:00
2026-03-30,Tomato,Retail,Dambulla,105.0,CBSL Daily Price Report,https://www.cbsl.gov.lk/sites/default/files/cbslweb_documents/statistics/pricerpt/price_report_20260330_e.pdf,2026-08-28T17:40:09.457666+00:00
2026-03-31,Tomato,Wholesale,Pettah,80.0,CBSL Daily Price Report,https://www.cbsl.gov.lk/sites/default/files/cbslweb_documents/statistics/pricerpt/price_report_20260331_e.pdf,2026-08-28T17:40:09.457666+00:00
2026-03-31,Tomato,Wholesale,Dambulla,55.0,CBSL Daily Price Report,https://www.cbsl.gov.lk/sites/default/files/cbslweb_documents/statistics/pricerpt/price_report_20260331_e.pdf,2026-08-28T17:40:09.457666+00:00
2026-03-31,Tomato,Retail,Pettah,120.0,CBSL Daily Price Report,https://www.cbsl.gov.lk/sites/default/files/cbslweb_documents/statistics/pricerpt/price_report_20260331_e.pdf,2026-08-28T17:40:09.457666+00:00
2026-03-31,Tomato,Retail,Dambulla,85.0,CBSL Daily Price Report,https://www.cbsl.gov.lk/sites/default/files/cbslweb_documents/statistics/pricerpt/price_report_20260331_e.pdf,2026-08-28T17:40:09.457666+00:00
2026-04-27,Tomato,Wholesale,Pettah,150.0,CBSL Daily Price Report,https://www.cbsl.gov.lk/sites/default/files/cbslweb_documents/statistics/pricerpt/price_report_20260427_e.pdf,2026-08-28T17:40:09.457666+00:00
2026-04-27,Tomato,Wholesale,Dambulla,110.0,CBSL Daily Price Report,https://www.cbsl.gov.lk/sites/default/files/cbslweb_documents/statistics/pricerpt/price_report_20260427_e.pdf,2026-08-28T17:40:09.457666+00:00
2026-04-27,Tomato,Retail,Pettah,200.0,CBSL Daily Price Report,https://www.cbsl.gov.lk/sites/default/files/cbslweb_documents/statistics/pricerpt/price_report_20260427_e.pdf,2026-08-28T17:40:09.457666+00:00
2026-04-27,Tomato,Retail,Dambulla,140.0,CBSL Daily Price Report,https://www.cbsl.gov.lk/sites/default/files/cbslweb_documents/statistics/pricerpt/price_report_20260427_e.pdf,2026-08-28T17:40:09.457666+00:00
2026-04-28,Tomato,Wholesale,Pettah,150.0,CBSL Daily Price Report,https://www.cbsl.gov.lk/sites/default/files/cbslweb_documents/statistics/pricerpt/price_report_20260428_e.pdf,2026-08-28T17:40:09.457666+00:00
2026-04-28,Tomato,Wholesale,Dambulla,125.0,CBSL Daily Price Report,https://www.cbsl.gov.lk/sites/default/files/cbslweb_documents/statistics/pricerpt/price_report_20260428_e.pdf,2026-08-28T17:40:09.457666+00:00
2026-04-28,Tomato,Retail,Pettah,200.0,CBSL Daily Price Report,https://www.cbsl.gov.lk/sites/default/files/cbslweb_documents/statistics/pricerpt/price_report_20260428_e.pdf,2026-08-28T17:40:09.457666+00:00
2026-04-28,Tomato,Retail,Dambulla,155.0,CBSL Daily Price Report,https://www.cbsl.gov.lk/sites/default/files/cbslweb_documents/statistics/pricerpt/price_report_20260428_e.pdf,2026-08-28T17:40:09.457666+00:00
2026-04-30,Tomato,Wholesale,Pettah,150.0,CBSL Daily Price Report,https://www.cbsl.gov.lk/sites/default/files/cbslweb_documents/statistics/pricerpt/price_report_20260430_e.pdf,2026-08-28T17:40:09.457666+00:00
2026-04-30,Tomato,Wholesale,Dambulla,115.0,CBSL Daily Price Report,https://www.cbsl.gov.lk/sites/default/files/cbslweb_documents/statistics/pricerpt/price_report_20260430_e.pdf,2026-08-28T17:40:09.457666+00:00
2026-04-30,Tomato,Retail,Pettah,200.0,CBSL Daily Price Report,https://www.cbsl.gov.lk/sites/default/files/cbslweb_documents/statistics/pricerpt/price_report_20260430_e.pdf,2026-08-28T17:40:09.457666+00:00
2026-04-30,Tomato,Retail,Dambulla,145.0,CBSL Daily Price Report,https://www.cbsl.gov.lk/sites/default/files/cbslweb_documents/statistics/pricerpt/price_report_20260430_e.pdf,2026-08-28T17:40:09.457666+00:00
2026-05-04,Tomato,Wholesale,Pettah,200.0,CBSL Daily Price Report,https://www.cbsl.gov.lk/sites/default/files/cbslweb_documents/statistics/pricerpt/price_report_20260504_e.pdf,2026-08-28T17:40:09.457666+00:00
2026-05-04,Tomato,Wholesale,Dambulla,155.0,CBSL Daily Price Report,https://www.cbsl.gov.lk/sites/default/files/cbslweb_documents/statistics/pricerpt/price_report_20260504_e.pdf,2026-08-28T17:40:09.457666+00:00
2026-05-04,Tomato,Retail,Pettah,250.0,CBSL Daily Price Report,https://www.cbsl.gov.lk/sites/default/files/cbslweb_documents/statistics/pricerpt/price_report_20260504_e.pdf,2026-08-28T17:40:09.457666+00:00
2026-05-04,Tomato,Retail,Dambulla,185.0,CBSL Daily Price Report,https://www.cbsl.gov.lk/sites/default/files/cbslweb_documents/statistics/pricerpt/price_report_20260504_e.pdf,2026-08-28T17:40:09.457666+00:00
2026-05-05,Tomato,Wholesale,Pettah,200.0,CBSL Daily Price Report,https://www.cbsl.gov.lk/sites/default/files/cbslweb_documents/statistics/pricerpt/price_report_20260505_e.pdf,2026-08-28T17:40:09.457666+00:00
2026-05-05,Tomato,Wholesale,Dambulla,150.0,CBSL Daily Price Report,https://www.cbsl.gov.lk/sites/default/files/cbslweb_documents/statistics/pricerpt/price_report_20260505_e.pdf,2026-08-28T17:40:09.457666+00:00
2026-05-05,Tomato,Retail,Pettah,250.0,CBSL Daily Price Report,https://www.cbsl.gov.lk/sites/default/files/cbslweb_documents/statistics/pricerpt/price_report_20260505_e.pdf,2026-08-28T17:40:09.457666+00:00
2026-05-05,Tomato,Retail,Dambulla,180.0,CBSL Daily Price Report,https://www.cbsl.gov.lk/sites/default/files/cbslweb_documents/statistics/pricerpt/price_report_20260505_e.pdf,2026-08-28T17:40:09.457666+00:00
2026-06-16,Tomato,Wholesale,Pettah,750.0,CBSL Daily Price Report,https://www.cbsl.gov.lk/sites/default/files/cbslweb_documents/statistics/pricerpt/price_report_20260616_e.pdf,2026-08-28T17:40:09.457666+00:00
2026-06-16,Tomato,Wholesale,Dambulla,600.0,CBSL Daily Price Report,https://www.cbsl.gov.lk/sites/default/files/cbslweb_documents/statistics/pricerpt/price_report_20260616_e.pdf,2026-08-28T17:40:09.457666+00:00
2026-06-16,Tomato,Retail,Pettah,800.0,CBSL Daily Price Report,https://www.cbsl.gov.lk/sites/default/files/cbslweb_documents/statistics/pricerpt/price_report_20260616_e.pdf,2026-08-28T17:40:09.457666+00:00
2026-06-16,Tomato,Retail,Dambulla,630.0,CBSL Daily Price Report,https://www.cbsl.gov.lk/sites/default/files/cbslweb_documents/statistics/pricerpt/price_report_20260616_e.pdf,2026-08-28T17:40:09.457666+00:00
2026-06-17,Tomato,Wholesale,Pettah,750.0,CBSL Daily Price Report,https://www.cbsl.gov.lk/sites/default/files/cbslweb_documents/statistics/pricerpt/price_report_20260617_e.pdf,2026-08-28T17:40:09.457666+00:00
2026-06-17,Tomato,Wholesale,Dambulla,600.0,CBSL Daily Price Report,https://www.cbsl.gov.lk/sites/default/files/cbslweb_documents/statistics/pricerpt/price_report_20260617_e.pdf,2026-08-28T17:40:09.457666+00:00
2026-06-17,Tomato,Retail,Pettah,800.0,CBSL Daily Price Report,https://www.cbsl.gov.lk/sites/default/files/cbslweb_documents/statistics/pricerpt/price_report_20260617_e.pdf,2026-08-28T17:40:09.457666+00:00
2026-06-17,Tomato,Retail,Dambulla,630.0,CBSL Daily Price Report,https://www.cbsl.gov.lk/sites/default/files/cbslweb_documents/statistics/pricerpt/price_report_20260617_e.pdf,2026-08-28T17:40:09.457666+00:00
2026-06-18,Tomato,Wholesale,Pettah,750.0,CBSL Daily Price Report,https://www.cbsl.gov.lk/sites/default/files/cbslweb_documents/statistics/pricerpt/price_report_20260618_e.pdf,2026-08-28T17:40:09.457666+00:00
2026-06-18,Tomato,Wholesale,Dambulla,625.0,CBSL Daily Price Report,https://www.cbsl.gov.lk/sites/default/files/cbslweb_documents/statistics/pricerpt/price_report_20260618_e.pdf,2026-08-28T17:40:09.457666+00:00
2026-06-18,Tomato,Retail,Pettah,800.0,CBSL Daily Price Report,https://www.cbsl.gov.lk/sites/default/files/cbslweb_documents/statistics/pricerpt/price_report_20260618_e.pdf,2026-08-28T17:40:09.457666+00:00
2026-06-18,Tomato,Retail,Dambulla,655.0,CBSL Daily Price Report,https://www.cbsl.gov.lk/sites/default/files/cbslweb_documents/statistics/pricerpt/price_report_20260618_e.pdf,2026-08-28T17:40:09.457666+00:00
2026-06-19,Tomato,Wholesale,Pettah,750.0,CBSL Daily Price Report,https://www.cbsl.gov.lk/sites/default/files/cbslweb_documents/statistics/pricerpt/price_report_20260619_e.pdf,2026-08-28T17:40:09.457666+00:00
2026-06-19,Tomato,Wholesale,Dambulla,575.0,CBSL Daily Price Report,https://www.cbsl.gov.lk/sites/default/files/cbslweb_documents/statistics/pricerpt/price_report_20260619_e.pdf,2026-08-28T17:40:09.457666+00:00
2026-06-19,Tomato,Retail,Pettah,800.0,CBSL Daily Price Report,https://www.cbsl.gov.lk/sites/default/files/cbslweb_documents/statistics/pricerpt/price_report_20260619_e.pdf,2026-08-28T17:40:09.457666+00:00
2026-06-19,Tomato,Retail,Dambulla,605.0,CBSL Daily Price Report,https://www.cbsl.gov.lk/sites/default/files/cbslweb_documents/statistics/pricerpt/price_report_20260619_e.pdf,2026-08-28T17:40:09.457666+00:00
2026-06-24,Tomato,Wholesale,Pettah,750.0,CBSL Daily Price Report,https://www.cbsl.gov.lk/sites/default/files/cbslweb_documents/statistics/pricerpt/price_report_20260624_e.pdf,2026-08-28T17:40:09.457666+00:00
2026-06-24,Tomato,Wholesale,Dambulla,450.0,CBSL Daily Price Report,https://www.cbsl.gov.lk/sites/default/files/cbslweb_documents/statistics/pricerpt/price_report_20260624_e.pdf,2026-08-28T17:40:09.457666+00:00
2026-06-24,Tomato,Retail,Pettah,800.0,CBSL Daily Price Report,https://www.cbsl.gov.lk/sites/default/files/cbslweb_documents/statistics/pricerpt/price_report_20260624_e.pdf,2026-08-28T17:40:09.457666+00:00
2026-06-24,Tomato,Retail,Dambulla,480.0,CBSL Daily Price Report,https://www.cbsl.gov.lk/sites/default/files/cbslweb_documents/statistics/pricerpt/price_report_20260624_e.pdf,2026-08-28T17:40:09.457666+00:00
2026-06-25,Tomato,Wholesale,Pettah,500.0,CBSL Daily Price Report,https://www.cbsl.gov.lk/sites/default/files/cbslweb_documents/statistics/pricerpt/price_report_20260625_e.pdf,2026-08-28T17:40:09.457666+00:00
2026-06-25,Tomato,Wholesale,Dambulla,475.0,CBSL Daily Price Report,https://www.cbsl.gov.lk/sites/default/files/cbslweb_documents/statistics/pricerpt/price_report_20260625_e.pdf,2026-08-28T17:40:09.457666+00:00
2026-06-25,Tomato,Retail,Pettah,600.0,CBSL Daily Price Report,https://www.cbsl.gov.lk/sites/default/files/cbslweb_documents/statistics/pricerpt/price_report_20260625_e.pdf,2026-08-28T17:40:09.457666+00:00
2026-06-25,Tomato,Retail,Dambulla,505.0,CBSL Daily Price Report,https://www.cbsl.gov.lk/sites/default/files/cbslweb_documents/statistics/pricerpt/price_report_20260625_e.pdf,2026-08-28T17:40:09.457666+00:00
2026-06-26,Tomato,Wholesale,Pettah,450.0,CBSL Daily Price Report,https://www.cbsl.gov.lk/sites/default/files/cbslweb_documents/statistics/pricerpt/price_report_20260626_e.pdf,2026-08-28T17:40:09.457666+00:00
2026-06-26,Tomato,Wholesale,Dambulla,450.0,CBSL Daily Price Report,https://www.cbsl.gov.lk/sites/default/files/cbslweb_documents/statistics/pricerpt/price_report_20260626_e.pdf,2026-08-28T17:40:09.457666+00:00
2026-06-26,Tomato,Retail,Pettah,500.0,CBSL Daily Price Report,https://www.cbsl.gov.lk/sites/default/files/cbslweb_documents/statistics/pricerpt/price_report_20260626_e.pdf,2026-08-28T17:40:09.457666+00:00
2026-06-26,Tomato,Retail,Dambulla,480.0,CBSL Daily Price Report,https://www.cbsl.gov.lk/sites/default/files/cbslweb_documents/statistics/pricerpt/price_report_20260626_e.pdf,2026-08-28T17:40:09.457666+00:00
2026-06-30,Tomato,Wholesale,Pettah,500.0,CBSL Daily Price Report,https://www.cbsl.gov.lk/sites/default/files/cbslweb_documents/statistics/pricerpt/price_report_20260630_e.pdf,2026-08-28T17:40:09.457666+00:00
2026-06-30,Tomato,Retail,Pettah,600.0,CBSL Daily Price Report,https://www.cbsl.gov.lk/sites/default/files/cbslweb_documents/statistics/pricerpt/price_report_20260630_e.pdf,2026-08-28T17:40:09.457666+00:00
2026-07-01,Tomato,Wholesale,Pettah,350.0,CBSL Daily Price Report,https://www.cbsl.gov.lk/sites/default/files/cbslweb_documents/statistics/pricerpt/price_report_20260701_e.pdf,2026-08-28T17:40:09.457666+00:00
2026-07-01,Tomato,Wholesale,Dambulla,240.0,CBSL Daily Price Report,https://www.cbsl.gov.lk/sites/default/files/cbslweb_documents/statistics/pricerpt/price_report_20260701_e.pdf,2026-08-28T17:40:09.457666+00:00
2026-07-01,Tomato,Retail,Pettah,450.0,CBSL Daily Price Report,https://www.cbsl.gov.lk/sites/default/files/cbslweb_documents/statistics/pricerpt/price_report_20260701_e.pdf,2026-08-28T17:40:09.457666+00:00
2026-07-01,Tomato,Retail,Dambulla,270.0,CBSL Daily Price Report,https://www.cbsl.gov.lk/sites/default/files/cbslweb_documents/statistics/pricerpt/price_report_20260701_e.pdf,2026-08-28T17:40:09.457666+00:00
2026-07-02,Tomato,Wholesale,Pettah,400.0,CBSL Daily Price Report,https://www.cbsl.gov.lk/sites/default/files/cbslweb_documents/statistics/pricerpt/price_report_20260702_e.pdf,2026-08-28T17:40:09.457666+00:00
2026-07-02,Tomato,Wholesale,Dambulla,215.0,CBSL Daily Price Report,https://www.cbsl.gov.lk/sites/default/files/cbslweb_documents/statistics/pricerpt/price_report_20260702_e.pdf,2026-08-28T17:40:09.457666+00:00
2026-07-02,Tomato,Retail,Pettah,450.0,CBSL Daily Price Report,https://www.cbsl.gov.lk/sites/default/files/cbslweb_documents/statistics/pricerpt/price_report_20260702_e.pdf,2026-08-28T17:40:09.457666+00:00
2026-07-02,Tomato,Retail,Dambulla,245.0,CBSL Daily Price Report,https://www.cbsl.gov.lk/sites/default/files/cbslweb_documents/statistics/pricerpt/price_report_20260702_e.pdf,2026-08-28T17:40:09.457666+00:00
2026-07-03,Tomato,Wholesale,Pettah,500.0,CBSL Daily Price Report,https://www.cbsl.gov.lk/sites/default/files/cbslweb_documents/statistics/pricerpt/price_report_20260703_e.pdf,2026-08-28T17:40:09.457666+00:00
2026-07-03,Tomato,Wholesale,Dambulla,225.0,CBSL Daily Price Report,https://www.cbsl.gov.lk/sites/default/files/cbslweb_documents/statistics/pricerpt/price_report_20260703_e.pdf,2026-08-28T17:40:09.457666+00:00
2026-07-03,Tomato,Retail,Pettah,550.0,CBSL Daily Price Report,https://www.cbsl.gov.lk/sites/default/files/cbslweb_documents/statistics/pricerpt/price_report_20260703_e.pdf,2026-08-28T17:40:09.457666+00:00
2026-07-03,Tomato,Retail,Dambulla,255.0,CBSL Daily Price Report,https://www.cbsl.gov.lk/sites/default/files/cbslweb_documents/statistics/pricerpt/price_report_20260703_e.pdf,2026-08-28T17:40:09.457666+00:00
2026-07-06,Tomato,Wholesale,Pettah,350.0,CBSL Daily Price Report,https://www.cbsl.gov.lk/sites/default/files/cbslweb_documents/statistics/pricerpt/price_report_20260706_e.pdf,2026-08-28T17:40:09.457666+00:00
2026-07-06,Tomato,Wholesale,Dambulla,225.0,CBSL Daily Price Report,https://www.cbsl.gov.lk/sites/default/files/cbslweb_documents/statistics/pricerpt/price_report_20260706_e.pdf,2026-08-28T17:40:09.457666+00:00
2026-07-06,Tomato,Retail,Pettah,450.0,CBSL Daily Price Report,https://www.cbsl.gov.lk/sites/default/files/cbslweb_documents/statistics/pricerpt/price_report_20260706_e.pdf,2026-08-28T17:40:09.457666+00:00
2026-07-06,Tomato,Retail,Dambulla,255.0,CBSL Daily Price Report,https://www.cbsl.gov.lk/sites/default/files/cbslweb_documents/statistics/pricerpt/price_report_20260706_e.pdf,2026-08-28T17:40:09.457666+00:00
2026-07-07,Tomato,Wholesale,Pettah,350.0,CBSL Daily Price Report,https://www.cbsl.gov.lk/sites/default/files/cbslweb_documents/statistics/pricerpt/price_report_20260707_e.pdf,2026-08-28T17:40:09.457666+00:00
2026-07-07,Tomato,Wholesale,Dambulla,220.0,CBSL Daily Price Report,https://www.cbsl.gov.lk/sites/default/files/cbslweb_documents/statistics/pricerpt/price_report_20260707_e.pdf,2026-08-28T17:40:09.457666+00:00
2026-07-07,Tomato,Retail,Pettah,450.0,CBSL Daily Price Report,https://www.cbsl.gov.lk/sites/default/files/cbslweb_documents/statistics/pricerpt/price_report_20260707_e.pdf,2026-08-28T17:40:09.457666+00:00
2026-07-07,Tomato,Retail,Dambulla,250.0,CBSL Daily Price Report,https://www.cbsl.gov.lk/sites/default/files/cbslweb_documents/statistics/pricerpt/price_report_20260707_e.pdf,2026-08-28T17:40:09.457666+00:00
2026-07-08,Tomato,Wholesale,Pettah,350.0,CBSL Daily Price Report,https://www.cbsl.gov.lk/sites/default/files/cbslweb_documents/statistics/pricerpt/price_report_20260708_e.pdf,2026-08-28T17:40:09.457666+00:00
2026-07-08,Tomato,Wholesale,Dambulla,255.0,CBSL Daily Price Report,https://www.cbsl.gov.lk/sites/default/files/cbslweb_documents/statistics/pricerpt/price_report_20260708_e.pdf,2026-08-28T17:40:09.457666+00:00
2026-07-08,Tomato,Retail,Pettah,450.0,CBSL Daily Price Report,https://www.cbsl.gov.lk/sites/default/files/cbslweb_documents/statistics/pricerpt/price_report_20260708_e.pdf,2026-08-28T17:40:09.457666+00:00
2026-07-08,Tomato,Retail,Dambulla,285.0,CBSL Daily Price Report,https://www.cbsl.gov.lk/sites/default/files/cbslweb_documents/statistics/pricerpt/price_report_20260708_e.pdf,2026-08-28T17:40:09.457666+00:00
2026-07-09,Tomato,Wholesale,Pettah,400.0,CBSL Daily Price Report,https://www.cbsl.gov.lk/sites/default/files/cbslweb_documents/statistics/pricerpt/price_report_20260709_e.pdf,2026-08-28T17:40:09.457666+00:00
2026-07-09,Tomato,Wholesale,Dambulla,255.0,CBSL Daily Price Report,https://www.cbsl.gov.lk/sites/default/files/cbslweb_documents/statistics/pricerpt/price_report_20260709_e.pdf,2026-08-28T17:40:09.457666+00:00
2026-07-09,Tomato,Retail,Pettah,450.0,CBSL Daily Price Report,https://www.cbsl.gov.lk/sites/default/files/cbslweb_documents/statistics/pricerpt/price_report_20260709_e.pdf,2026-08-28T17:40:09.457666+00:00
2026-07-09,Tomato,Retail,Dambulla,285.0,CBSL Daily Price Report,https://www.cbsl.gov.lk/sites/default/files/cbslweb_documents/statistics/pricerpt/price_report_20260709_e.pdf,2026-08-28T17:40:09.457666+00:00
2026-07-22,Tomato,Wholesale,Pettah,400.0,CBSL Daily Price Report,https://www.cbsl.gov.lk/sites/default/files/cbslweb_documents/statistics/pricerpt/price_report_20260722_e.pdf,2026-08-28T17:40:09.457666+00:00
2026-07-22,Tomato,Wholesale,Dambulla,300.0,CBSL Daily Price Report,https://www.cbsl.gov.lk/sites/default/files/cbslweb_documents/statistics/pricerpt/price_report_20260722_e.pdf,2026-08-28T17:40:09.457666+00:00
2026-07-22,Tomato,Retail,Pettah,450.0,CBSL Daily Price Report,https://www.cbsl.gov.lk/sites/default/files/cbslweb_documents/statistics/pricerpt/price_report_20260722_e.pdf,2026-08-28T17:40:09.457666+00:00
2026-07-22,Tomato,Retail,Dambulla,330.0,CBSL Daily Price Report,https://www.cbsl.gov.lk/sites/default/files/cbslweb_documents/statistics/pricerpt/price_report_20260722_e.pdf,2026-08-28T17:40:09.457666+00:00
